Workbook
Name NativeTimeline_Encounter_Date: #N/A
Name Slicer_Age_Group: #N/A
Name Slicer_Alcohol_Use: #N/A
Name Slicer_Chronic_Condition: #N/A
Name Slicer_Sex: #N/A
Name Slicer_Smoking_Status: #N/A

Sheet Clean_Dataset
A1: Patient_ID | B1: Encounter_ID | C1: Encounter_Date | D1: Encounter_Type | E1: Facility | F1: County | G1: Provider | H1: Patient_DOB | I1: Age_at_Encounter | J1: Age Group | K1: Sex | L1: Ethnicity | M1: Insurance_Status | N1: Smoking_Status | O1: Alcohol_Use | P1: Primary_ICD11_Code | Q1: Disease Category | R1: Primary_Diagnosis | S1: Chronic_Condition | T1: Current_Medications | U1: Num_Medications | V1: LOINC Code | W1: Test Category | X1: Test Name | Y1: Test Results | Z1: HBA1C Category | AA1: BP_Systolic_mmHg | AB1: BP_Diastolic_mmHg | AC1: BP Control | AD1: Blood Pressure Reading (mmHg) | AE1: HR_bpm | AF1: RR_breaths_per_min | AG1: Temp_C | AH1: BMI_kg_m2 | AI1: BMI_Category | AJ1: SpO2_pct | AK1: LOINC_BP_Sys | AL1: LOINC_BP_Dia | AM1: LOINC_HR | AN1: LOINC_BMI | AO1: LOINC_SpO2
A2: PID-0001 | B2: ENC-0001-01 | C2: 44959 | D2: Inpatient | E2: Central District Hospital | F2: Kisumu | G2: Dr. T. Osei | H2: 38330 | I2: 21 | J2: {=_xlfn.IFS(EHR[[#This Row],[Age_at_Encounter]]<18,"Adolescent",AND(EHR[[#This Row],[Age_at_Encounter]]>=18,EHR[[#This Row],[Age_at_Encounter]]<=34),"Young Adults",AND(EHR[[#This Row],[Age_at_Encounter]]>=35,EHR[[#This Row],[Age_at_Encounter]]<=49),"Middle Age",AND(EHR[[#This Row],[Age_at_Encounter]]>=50,EHR[[#This Row],[Age_at_Encounter]]<=64),"Late middle Age",EHR[[#This Row],[Age_at_Encounter]]>=65,"Senior Adults")} -> Young Adults | K2: Male | L2: South Asian | M2: National Insurance | N2: Never | O2: None | P2: 3A00 | Q2: =_xlfn.XLOOKUP(EHR[[#This Row],[Primary_ICD11_Code]],'03_ICD11_Reference'!A:A,'03_ICD11_Reference'!D:D,,0) -> Haematological | R2: Iron deficiency anaemia | S2: No | T2: Metoprolol 50mg BD; Clopidogrel 75mg OD | U2: 2 | V2: =_xlfn.XLOOKUP(EHR[[#This Row],[Encounter_ID]],'02_Lab_Results'!B:B,'02_Lab_Results'!D:D,,0) -> 2085-9 | W2: =_xlfn.XLOOKUP(EHR[[#This Row],[LOINC Code]],'04_LOINC_Reference'!A:A,'04_LOINC_Reference'!F:F,,0) -> Biochemistry | X2: =_xlfn.XLOOKUP(EHR[[#This Row],[LOINC Code]],'02_Lab_Results'!D:D,'02_Lab_Results'!E:E,,0) -> HDL cholesterol | Y2: =_xlfn.XLOOKUP(EHR[[#This Row],[LOINC Code]],'02_Lab_Results'!D:D,'02_Lab_Results'!J:J,,0) -> Normal | Z2: {=_xlfn.XLOOKUP(1,(B2=B$2:B$500)*(V$2:V$500="4548-4"),Y$2:Y$500,"Not Tested")} -> Not Tested | AA2: 98 | AB2: 68 | AC2: =IF(AND(EHR[[#This Row],[BP_Systolic_mmHg]]<140,EHR[[#This Row],[BP_Diastolic_mmHg]]<90),"Controlled",IF(OR(EHR[[#This Row],[BP_Systolic_mmHg]]="Not Recorded",EHR[[#This Row],[BP_Diastolic_mmHg]]="Not Recorded"),"No Reading","Uncontrolled")) -> Controlled | AD2: =_xlfn.CONCAT(EHR[[#This Row],[BP_Systolic_mmHg]],"/",EHR[[#This Row],[BP_Diastolic_mmHg]]) -> 98/68 | AE2: 88 | AF2: 12 | AG2: 36.6 | AH2: 36 | AI2: =IF(EHR[[#This Row],[BMI_kg_m2]]>=30,"Obese","Non-Obese") -> Obese | AJ2: 94 | AK2: 8480-6 | AL2: 8462-4 | AM2: 8867-4 | AN2: 39156-5 | AO2: 59408-5
A3: PID-0002 | B3: ENC-0002-01 | C3: 45279 | D3: Outpatient | E3: Eastside Clinic | F3: Eldoret | G3: Dr. S. Okonkwo | H3: 32258 | I3: 37 | J3: {=_xlfn.IFS(EHR[[#This Row],[Age_at_Encounter]]<18,"Adolescent",AND(EHR[[#This Row],[Age_at_Encounter]]>=18,EHR[[#This Row],[Age_at_Encounter]]<=34),"Young Adults",AND(EHR[[#This Row],[Age_at_Encounter]]>=35,EHR[[#This Row],[Age_at_Encounter]]<=49),"Middle Age",AND(EHR[[#This Row],[Age_at_Encounter]]>=50,EHR[[#This Row],[Age_at_Encounter]]<=64),"Late middle Age",EHR[[#This Row],[Age_at_Encounter]]>=65,"Senior Adults")} -> Middle Age | K3: Female | L3: Middle Eastern | M3: None | N3: Unknown | O3: None | P3: 5A10 | Q3: =_xlfn.XLOOKUP(EHR[[#This Row],[Primary_ICD11_Code]],'03_ICD11_Reference'!A:A,'03_ICD11_Reference'!D:D,,0) -> Endocrine | R3: Type 1 diabetes mellitus | S3: Yes | T3: Clopidogrel 75mg OD; Warfarin (variable); Metformin 1g BD | U3: 3 | V3: =_xlfn.XLOOKUP(EHR[[#This Row],[Encounter_ID]],'02_Lab_Results'!B:B,'02_Lab_Results'!D:D,,0) -> 718-7 | W3: =_xlfn.XLOOKUP(EHR[[#This Row],[LOINC Code]],'04_LOINC_Reference'!A:A,'04_LOINC_Reference'!F:F,,0) -> Biochemistry | X3: =_xlfn.XLOOKUP(EHR[[#This Row],[LOINC Code]],'02_Lab_Results'!D:D,'02_Lab_Results'!E:E,,0) -> Haemoglobin | Y3: =_xlfn.XLOOKUP(EHR[[#This Row],[LOINC Code]],'02_Lab_Results'!D:D,'02_Lab_Results'!J:J,,0) -> Normal | Z3: {=_xlfn.XLOOKUP(1,(B3=B$2:B$500)*(V$2:V$500="4548-4"),Y$2:Y$500,"Not Tested")} -> Not Tested | AA3: 149 | AB3: 103 | AC3: =IF(AND(EHR[[#This Row],[BP_Systolic_mmHg]]<140,EHR[[#This Row],[BP_Diastolic_mmHg]]<90),"Controlled",IF(OR(EHR[[#This Row],[BP_Systolic_mmHg]]="Not Recorded",EHR[[#This Row],[BP_Diastolic_mmHg]]="Not Recorded"),"No Reading","Uncontrolled")) -> Uncontrolled | AD3: =_xlfn.CONCAT(EHR[[#This Row],[BP_Systolic_mmHg]],"/",EHR[[#This Row],[BP_Diastolic_mmHg]]) -> 149/103 | AE3: 105 | AF3: 21 | AG3: 39.1 | AH3: 28.3 | AI3: =IF(EHR[[#This Row],[BMI_kg_m2]]>=30,"Obese","Non-Obese") -> Non-Obese | AJ3: 94 | AK3: 8480-6 | AL3: 8462-4 | AM3: 8867-4 | AN3: 39156-5 | AO3: 59408-5
A4: PID-0003 | B4: ENC-0003-01 | C4: 45613 | D4: Outpatient | E4: Eastside Clinic | F4: Nairobi | G4: Dr. F. Hassan | H4: 34889 | I4: 30 | J4: {=_xlfn.IFS(EHR[[#This Row],[Age_at_Encounter]]<18,"Adolescent",AND(EHR[[#This Row],[Age_at_Encounter]]>=18,EHR[[#This Row],[Age_at_Encounter]]<=34),"Young Adults",AND(EHR[[#This Row],[Age_at_Encounter]]>=35,EHR[[#This Row],[Age_at_Encounter]]<=49),"Middle Age",AND(EHR[[#This Row],[Age_at_Encounter]]>=50,EHR[[#This Row],[Age_at_Encounter]]<=64),"Late middle Age",EHR[[#This Row],[Age_at_Encounter]]>=65,"Senior Adults")} -> Young Adults | K4: Male | L4: East Asian | M4: Private | N4: Ex-smoker | O4: Regular | P4: LA90 | Q4: =_xlfn.XLOOKUP(EHR[[#This Row],[Primary_ICD11_Code]],'03_ICD11_Reference'!A:A,'03_ICD11_Reference'!D:D,,0) -> Renal | R4: Chronic kidney disease stage 3 | S4: Yes | T4: Bisoprolol 5mg OD; Prednisolone 5mg OD; Aspirin 75mg OD; Levothyroxine 50mcg OD | U4: 4 | V4: =_xlfn.XLOOKUP(EHR[[#This Row],[Encounter_ID]],'02_Lab_Results'!B:B,'02_Lab_Results'!D:D,,0) -> 2160-0 | W4: =_xlfn.XLOOKUP(EHR[[#This Row],[LOINC Code]],'04_LOINC_Reference'!A:A,'04_LOINC_Reference'!F:F,,0) -> Biochemistry | X4: =_xlfn.XLOOKUP(EHR[[#This Row],[LOINC Code]],'02_Lab_Results'!D:D,'02_Lab_Results'!E:E,,0) -> Serum creatinine | Y4: =_xlfn.XLOOKUP(EHR[[#This Row],[LOINC Code]],'02_Lab_Results'!D:D,'02_Lab_Results'!J:J,,0) -> Normal | Z4: {=_xlfn.XLOOKUP(1,(B4=B$2:B$500)*(V$2:V$500="4548-4"),Y$2:Y$500,"Not Tested")} -> Not Tested | AA4: 119 | AB4: 111 | AC4: =IF(AND(EHR[[#This Row],[BP_Systolic_mmHg]]<140,EHR[[#This Row],[BP_Diastolic_mmHg]]<90),"Controlled",IF(OR(EHR[[#This Row],[BP_Systolic_mmHg]]="Not Recorded",EHR[[#This Row],[BP_Diastolic_mmHg]]="Not Recorded"),"No Reading","Uncontrolled")) -> Uncontrolled | AD4: =_xlfn.CONCAT(EHR[[#This Row],[BP_Systolic_mmHg]],"/",EHR[[#This Row],[BP_Diastolic_mmHg]]) -> 119/111 | AE4: 99 | AF4: 22 | AG4: 36.5 | AH4: 38.3 | AI4: =IF(EHR[[#This Row],[BMI_kg_m2]]>=30,"Obese","Non-Obese") -> Obese | AJ4: 89 | AK4: 8480-6 | AL4: 8462-4 | AM4: 8867-4 | AN4: 39156-5 | AO4: 59408-5
A5: PID-0003 | B5: ENC-0003-02 | C5: 45201 | D5: Follow-up | E5: Riverside Specialist Centre | F5: Eldoret | G5: Dr. T. Osei | H5: 34889 | I5: 30 | J5: {=_xlfn.IFS(EHR[[#This Row],[Age_at_Encounter]]<18,"Adolescent",AND(EHR[[#This Row],[Age_at_Encounter]]>=18,EHR[[#This Row],[Age_at_Encounter]]<=34),"Young Adults",AND(EHR[[#This Row],[Age_at_Encounter]]>=35,EHR[[#This Row],[Age_at_Encounter]]<=49),"Middle Age",AND(EHR[[#This Row],[Age_at_Encounter]]>=50,EHR[[#This Row],[Age_at_Encounter]]<=64),"Late middle Age",EHR[[#This Row],[Age_at_Encounter]]>=65,"Senior Adults")} -> Young Adults | K5: Male | L5: Mixed/Other | M5: Private | N5: Ex-smoker | O5: Regular | P5: LA90 | Q5: =_xlfn.XLOOKUP(EHR[[#This Row],[Primary_ICD11_Code]],'03_ICD11_Reference'!A:A,'03_ICD11_Reference'!D:D,,0) -> Renal | R5: Chronic kidney disease stage 3 | S5: Yes | T5: Salbutamol 100mcg PRN; Bisoprolol 5mg OD; None; Aspirin 75mg OD | U5: 4 | V5: =_xlfn.XLOOKUP(EHR[[#This Row],[Encounter_ID]],'02_Lab_Results'!B:B,'02_Lab_Results'!D:D,,0) -> 2345-7 | W5: =_xlfn.XLOOKUP(EHR[[#This Row],[LOINC Code]],'04_LOINC_Reference'!A:A,'04_LOINC_Reference'!F:F,,0) -> Biochemistry | X5: =_xlfn.XLOOKUP(EHR[[#This Row],[LOINC Code]],'02_Lab_Results'!D:D,'02_Lab_Results'!E:E,,0) -> Serum glucose (fasting) | Y5: =_xlfn.XLOOKUP(EHR[[#This Row],[LOINC Code]],'02_Lab_Results'!D:D,'02_Lab_Results'!J:J,,0) -> Normal | Z5: {=_xlfn.XLOOKUP(1,(B5=B$2:B$500)*(V$2:V$500="4548-4"),Y$2:Y$500,"Not Tested")} -> Not Tested | AA5: 101 | AB5: 110 | AC5: =IF(AND(EHR[[#This Row],[BP_Systolic_mmHg]]<140,EHR[[#This Row],[BP_Diastolic_mmHg]]<90),"Controlled",IF(OR(EHR[[#This Row],[BP_Systolic_mmHg]]="Not Recorded",EHR[[#This Row],[BP_Diastolic_mmHg]]="Not Recorded"),"No Reading","Uncontrolled")) -> Uncontrolled | AD5: =_xlfn.CONCAT(EHR[[#This Row],[BP_Systolic_mmHg]],"/",EHR[[#This Row],[BP_Diastolic_mmHg]]) -> 101/110 | AE5: 93 | AF5: 23 | AG5: 36.7 | AH5: 31.7 | AI5: =IF(EHR[[#This Row],[BMI_kg_m2]]>=30,"Obese","Non-Obese") -> Obese | AJ5: 99 | AK5: 8480-6 | AL5: 8462-4 | AM5: 8867-4 | AN5: 39156-5 | AO5: 59408-5
A6: PID-0003 | B6: ENC-0003-03 | C6: 45335 | D6: Telehealth | E6: Community Health Centre | F6: Kitale | G6: NP J. Nakamura | H6: 34889 | I6: 30 | J6: {=_xlfn.IFS(EHR[[#This Row],[Age_at_Encounter]]<18,"Adolescent",AND(EHR[[#This Row],[Age_at_Encounter]]>=18,EHR[[#This Row],[Age_at_Encounter]]<=34),"Young Adults",AND(EHR[[#This Row],[Age_at_Encounter]]>=35,EHR[[#This Row],[Age_at_Encounter]]<=49),"Middle Age",AND(EHR[[#This Row],[Age_at_Encounter]]>=50,EHR[[#This Row],[Age_at_Encounter]]<=64),"Late middle Age",EHR[[#This Row],[Age_at_Encounter]]>=65,"Senior Adults")} -> Young Adults | K6: Male | L6: Mixed/Other | M6: Private | N6: Ex-smoker | O6: Regular | P6: LA90 | Q6: =_xlfn.XLOOKUP(EHR[[#This Row],[Primary_ICD11_Code]],'03_ICD11_Reference'!A:A,'03_ICD11_Reference'!D:D,,0) -> Renal | R6: Chronic kidney disease stage 3 | S6: Yes | T6: Ramipril 5mg OD; Metformin 1g BD | U6: 2 | V6: =_xlfn.XLOOKUP(EHR[[#This Row],[Encounter_ID]],'02_Lab_Results'!B:B,'02_Lab_Results'!D:D,,0) -> 2093-3 | W6: =_xlfn.XLOOKUP(EHR[[#This Row],[LOINC Code]],'04_LOINC_Reference'!A:A,'04_LOINC_Reference'!F:F,,0) -> Biochemistry | X6: =_xlfn.XLOOKUP(EHR[[#This Row],[LOINC Code]],'02_Lab_Results'!D:D,'02_Lab_Results'!E:E,,0) -> Total cholesterol | Y6: =_xlfn.XLOOKUP(EHR[[#This Row],[LOINC Code]],'02_Lab_Results'!D:D,'02_Lab_Results'!J:J,,0) -> Normal | Z6: {=_xlfn.XLOOKUP(1,(B6=B$2:B$500)*(V$2:V$500="4548-4"),Y$2:Y$500,"Not Tested")} -> Not Tested | AA6: 128 | AB6: 115 | AC6: =IF(AND(EHR[[#This Row],[BP_Systolic_mmHg]]<140,EHR[[#This Row],[BP_Diastolic_mmHg]]<90),"Controlled",IF(OR(EHR[[#This Row],[BP_Systolic_mmHg]]="Not Recorded",EHR[[#This Row],[BP_Diastolic_mmHg]]="Not Recorded"),"No Reading","Uncontrolled")) -> Uncontrolled | AD6: =_xlfn.CONCAT(EHR[[#This Row],[BP_Systolic_mmHg]],"/",EHR[[#This Row],[BP_Diastolic_mmHg]]) -> 128/115 | AE6: 60 | AF6: 20 | AG6: 38.4 | AH6: 42 | AI6: =IF(EHR[[#This Row],[BMI_kg_m2]]>=30,"Obese","Non-Obese") -> Obese | AJ6: 89 | AK6: 8480-6 | AL6: 8462-4 | AM6: 8867-4 | AN6: 39156-5 | AO6: 59408-5 | AR6: Total Patients
A7: PID-0003 | B7: ENC-0003-04 | C7: 45184 | D7: Emergency | E7: Community Health Centre | F7: Nairobi | G7: Dr. Y. Kim | H7: 34889 | I7: 30 | J7: {=_xlfn.IFS(EHR[[#This Row],[Age_at_Encounter]]<18,"Adolescent",AND(EHR[[#This Row],[Age_at_Encounter]]>=18,EHR[[#This Row],[Age_at_Encounter]]<=34),"Young Adults",AND(EHR[[#This Row],[Age_at_Encounter]]>=35,EHR[[#This Row],[Age_at_Encounter]]<=49),"Middle Age",AND(EHR[[#This Row],[Age_at_Encounter]]>=50,EHR[[#This Row],[Age_at_Encounter]]<=64),"Late middle Age",EHR[[#This Row],[Age_at_Encounter]]>=65,"Senior Adults")} -> Young Adults | K7: Male | L7: Mixed/Other | M7: Private | N7: Ex-smoker | O7: Regular | P7: LA90 | Q7: =_xlfn.XLOOKUP(EHR[[#This Row],[Primary_ICD11_Code]],'03_ICD11_Reference'!A:A,'03_ICD11_Reference'!D:D,,0) -> Renal | R7: Chronic kidney disease stage 3 | S7: Yes | T7: Atorvastatin 40mg ON; Omeprazole 20mg OD; Ramipril 5mg OD | U7: 3 | V7: =_xlfn.XLOOKUP(EHR[[#This Row],[Encounter_ID]],'02_Lab_Results'!B:B,'02_Lab_Results'!D:D,,0) -> 2777-1 | W7: =_xlfn.XLOOKUP(EHR[[#This Row],[LOINC Code]],'04_LOINC_Reference'!A:A,'04_LOINC_Reference'!F:F,,0) -> Biochemistry | X7: =_xlfn.XLOOKUP(EHR[[#This Row],[LOINC Code]],'02_Lab_Results'!D:D,'02_Lab_Results'!E:E,,0) -> Serum phosphate | Y7: =_xlfn.XLOOKUP(EHR[[#This Row],[LOINC Code]],'02_Lab_Results'!D:D,'02_Lab_Results'!J:J,,0) -> Normal | Z7: {=_xlfn.XLOOKUP(1,(B7=B$2:B$500)*(V$2:V$500="4548-4"),Y$2:Y$500,"Not Tested")} -> Not Tested | AA7: 182 | AB7: 107 | AC7: =IF(AND(EHR[[#This Row],[BP_Systolic_mmHg]]<140,EHR[[#This Row],[BP_Diastolic_mmHg]]<90),"Controlled",IF(OR(EHR[[#This Row],[BP_Systolic_mmHg]]="Not Recorded",EHR[[#This Row],[BP_Diastolic_mmHg]]="Not Recorded"),"No Reading","Uncontrolled")) -> Uncontrolled | AD7: =_xlfn.CONCAT(EHR[[#This Row],[BP_Systolic_mmHg]],"/",EHR[[#This Row],[BP_Diastolic_mmHg]]) -> 182/107 | AE7: 51 | AF7: 24 | AG7: 38.2 | AH7: 32.8 | AI7: =IF(EHR[[#This Row],[BMI_kg_m2]]>=30,"Obese","Non-Obese") -> Obese | AJ7: 90 | AK7: 8480-6 | AL7: 8462-4 | AM7: 8867-4 | AN7: 39156-5 | AO7: 59408-5 | AR7: {=SUMPRODUCT(1/COUNTIF(EHR[Patient_ID],EHR[Patient_ID]))} -> 120
A8: PID-0003 | B8: ENC-0003-05 | C8: 45707 | D8: Outpatient | E8: Riverside Specialist Centre | F8: Thika | G8: NP J. Nakamura | H8: 34889 | I8: 30 | J8: {=_xlfn.IFS(EHR[[#This Row],[Age_at_Encounter]]<18,"Adolescent",AND(EHR[[#This Row],[Age_at_Encounter]]>=18,EHR[[#This Row],[Age_at_Encounter]]<=34),"Young Adults",AND(EHR[[#This Row],[Age_at_Encounter]]>=35,EHR[[#This Row],[Age_at_Encounter]]<=49),"Middle Age",AND(EHR[[#This Row],[Age_at_Encounter]]>=50,EHR[[#This Row],[Age_at_Encounter]]<=64),"Late middle Age",EHR[[#This Row],[Age_at_Encounter]]>=65,"Senior Adults")} -> Young Adults | K8: Male | L8: Black African | M8: Private | N8: Ex-smoker | O8: Regular | P8: LA90 | Q8: =_xlfn.XLOOKUP(EHR[[#This Row],[Primary_ICD11_Code]],'03_ICD11_Reference'!A:A,'03_ICD11_Reference'!D:D,,0) -> Renal | R8: Chronic kidney disease stage 3 | S8: Yes | T8: Prednisolone 5mg OD; Empagliflozin 10mg OD | U8: 2 | V8: =_xlfn.XLOOKUP(EHR[[#This Row],[Encounter_ID]],'02_Lab_Results'!B:B,'02_Lab_Results'!D:D,,0) -> 2823-3 | W8: =_xlfn.XLOOKUP(EHR[[#This Row],[LOINC Code]],'04_LOINC_Reference'!A:A,'04_LOINC_Reference'!F:F,,0) -> Biochemistry | X8: =_xlfn.XLOOKUP(EHR[[#This Row],[LOINC Code]],'02_Lab_Results'!D:D,'02_Lab_Results'!E:E,,0) -> Serum potassium | Y8: =_xlfn.XLOOKUP(EHR[[#This Row],[LOINC Code]],'02_Lab_Results'!D:D,'02_Lab_Results'!J:J,,0) -> Normal | Z8: {=_xlfn.XLOOKUP(1,(B8=B$2:B$500)*(V$2:V$500="4548-4"),Y$2:Y$500,"Not Tested")} -> Not Tested | AA8: 111 | AB8: 110 | AC8: =IF(AND(EHR[[#This Row],[BP_Systolic_mmHg]]<140,EHR[[#This Row],[BP_Diastolic_mmHg]]<90),"Controlled",IF(OR(EHR[[#This Row],[BP_Systolic_mmHg]]="Not Recorded",EHR[[#This Row],[BP_Diastolic_mmHg]]="Not Recorded"),"No Reading","Uncontrolled")) -> Uncontrolled | AD8: =_xlfn.CONCAT(EHR[[#This Row],[BP_Systolic_mmHg]],"/",EHR[[#This Row],[BP_Diastolic_mmHg]]) -> 111/110 | AE8: 115 | AF8: 17 | AG8: 38 | AH8: 34.9 | AI8: =IF(EHR[[#This Row],[BMI_kg_m2]]>=30,"Obese","Non-Obese") -> Obese | AJ8: 89 | AK8: 8480-6 | AL8: 8462-4 | AM8: 8867-4 | AN8: 39156-5 | AO8: 59408-5 | AR8: Most common diagnosis
A9: PID-0003 | B9: ENC-0003-06 | C9: 45041 | D9: Outpatient | E9: Riverside Specialist Centre | F9: Kisumu | G9: Dr. L. Patel | H9: 34889 | I9: 30 | J9: {=_xlfn.IFS(EHR[[#This Row],[Age_at_Encounter]]<18,"Adolescent",AND(EHR[[#This Row],[Age_at_Encounter]]>=18,EHR[[#This Row],[Age_at_Encounter]]<=34),"Young Adults",AND(EHR[[#This Row],[Age_at_Encounter]]>=35,EHR[[#This Row],[Age_at_Encounter]]<=49),"Middle Age",AND(EHR[[#This Row],[Age_at_Encounter]]>=50,EHR[[#This Row],[Age_at_Encounter]]<=64),"Late middle Age",EHR[[#This Row],[Age_at_Encounter]]>=65,"Senior Adults")} -> Young Adults | K9: Male | L9: Hispanic/Latino | M9: Private | N9: Ex-smoker | O9: Regular | P9: LA90 | Q9: =_xlfn.XLOOKUP(EHR[[#This Row],[Primary_ICD11_Code]],'03_ICD11_Reference'!A:A,'03_ICD11_Reference'!D:D,,0) -> Renal | R9: Chronic kidney disease stage 3 | S9: Yes | T9: Dapagliflozin 10mg OD | U9: 1 | V9: =_xlfn.XLOOKUP(EHR[[#This Row],[Encounter_ID]],'02_Lab_Results'!B:B,'02_Lab_Results'!D:D,,0) -> 2823-3 | W9: =_xlfn.XLOOKUP(EHR[[#This Row],[LOINC Code]],'04_LOINC_Reference'!A:A,'04_LOINC_Reference'!F:F,,0) -> Biochemistry | X9: =_xlfn.XLOOKUP(EHR[[#This Row],[LOINC Code]],'02_Lab_Results'!D:D,'02_Lab_Results'!E:E,,0) -> Serum potassium | Y9: =_xlfn.XLOOKUP(EHR[[#This Row],[LOINC Code]],'02_Lab_Results'!D:D,'02_Lab_Results'!J:J,,0) -> Normal | Z9: {=_xlfn.XLOOKUP(1,(B9=B$2:B$500)*(V$2:V$500="4548-4"),Y$2:Y$500,"Not Tested")} -> Not Tested | AA9: 179 | AB9: 108 | AC9: =IF(AND(EHR[[#This Row],[BP_Systolic_mmHg]]<140,EHR[[#This Row],[BP_Diastolic_mmHg]]<90),"Controlled",IF(OR(EHR[[#This Row],[BP_Systolic_mmHg]]="Not Recorded",EHR[[#This Row],[BP_Diastolic_mmHg]]="Not Recorded"),"No Reading","Uncontrolled")) -> Uncontrolled | AD9: =_xlfn.CONCAT(EHR[[#This Row],[BP_Systolic_mmHg]],"/",EHR[[#This Row],[BP_Diastolic_mmHg]]) -> 179/108 | AE9: 112 | AF9: 17 | AG9: 36.2 | AH9: 42.5 | AI9: =IF(EHR[[#This Row],[BMI_kg_m2]]>=30,"Obese","Non-Obese") -> Obese | AJ9: 99 | AK9: 8480-6 | AL9: 8462-4 | AM9: 8867-4 | AN9: 39156-5 | AO9: 59408-5 | AR9: {=INDEX(EHR[Primary_Diagnosis],MATCH(MAX(COUNTIF(EHR[Primary_Diagnosis],EHR[Primary_Diagnosis])),COUNTIF(EHR[Primary_Diagnosis],EHR[Primary_Diagnosis]),0))} -> Metabolic syndrome
A10: PID-0004 | B10: ENC-0004-01 | C10: 45592 | D10: Outpatient | E10: Eastside Clinic | F10: Mombasa | G10: Dr. A. Mwangi | H10: 31549 | I10: 39 | J10: {=_xlfn.IFS(EHR[[#This Row],[Age_at_Encounter]]<18,"Adolescent",AND(EHR[[#This Row],[Age_at_Encounter]]>=18,EHR[[#This Row],[Age_at_Encounter]]<=34),"Young Adults",AND(EHR[[#This Row],[Age_at_Encounter]]>=35,EHR[[#This Row],[Age_at_Encounter]]<=49),"Middle Age",AND(EHR[[#This Row],[Age_at_Encounter]]>=50,EHR[[#This Row],[Age_at_Encounter]]<=64),"Late middle Age",EHR[[#This Row],[Age_at_Encounter]]>=65,"Senior Adults")} -> Middle Age | K10: Female | L10: Middle Eastern | M10: National Insurance | N10: Current | O10: Unknown | P10: 8A25 | Q10: =_xlfn.XLOOKUP(EHR[[#This Row],[Primary_ICD11_Code]],'03_ICD11_Reference'!A:A,'03_ICD11_Reference'!D:D,,0) -> Neurological | R10: Epilepsy | S10: Yes | T10: Amlodipine 5mg OD; Metformin 1g BD | U10: 2 | V10: =_xlfn.XLOOKUP(EHR[[#This Row],[Encounter_ID]],'02_Lab_Results'!B:B,'02_Lab_Results'!D:D,,0) -> 6768-6 | W10: =_xlfn.XLOOKUP(EHR[[#This Row],[LOINC Code]],'04_LOINC_Reference'!A:A,'04_LOINC_Reference'!F:F,,0) -> Biochemistry | X10: =_xlfn.XLOOKUP(EHR[[#This Row],[LOINC Code]],'02_Lab_Results'!D:D,'02_Lab_Results'!E:E,,0) -> ALP | Y10: =_xlfn.XLOOKUP(EHR[[#This Row],[LOINC Code]],'02_Lab_Results'!D:D,'02_Lab_Results'!J:J,,0) -> High | Z10: {=_xlfn.XLOOKUP(1,(B10=B$2:B$500)*(V$2:V$500="4548-4"),Y$2:Y$500,"Not Tested")} -> Not Tested | AA10: 129 | AB10: 109 | AC10: =IF(AND(EHR[[#This Row],[BP_Systolic_mmHg]]<140,EHR[[#This Row],[BP_Diastolic_mmHg]]<90),"Controlled",IF(OR(EHR[[#This Row],[BP_Systolic_mmHg]]="Not Recorded",EHR[[#This Row],[BP_Diastolic_mmHg]]="Not Recorded"),"No Reading","Uncontrolled")) -> Uncontrolled | AD10: =_xlfn.CONCAT(EHR[[#This Row],[BP_Systolic_mmHg]],"/",EHR[[#This Row],[BP_Diastolic_mmHg]]) -> 129/109 | AE10: 84 | AF10: 16 | AG10: 36.2 | AH10: 18.1 | AI10: =IF(EHR[[#This Row],[BMI_kg_m2]]>=30,"Obese","Non-Obese") -> Non-Obese | AJ10: 94 | AK10: 8480-6 | AL10: 8462-4 | AM10: 8867-4 | AN10: 39156-5 | AO10: 59408-5 | AR10: Total Encounters
A11: PID-0004 | B11: ENC-0004-02 | C11: 45265 | D11: Outpatient | E11: Central District Hospital | F11: Malindi | G11: Dr. F. Hassan | H11: 31549 | I11: 39 | J11: {=_xlfn.IFS(EHR[[#This Row],[Age_at_Encounter]]<18,"Adolescent",AND(EHR[[#This Row],[Age_at_Encounter]]>=18,EHR[[#This Row],[Age_at_Encounter]]<=34),"Young Adults",AND(EHR[[#This Row],[Age_at_Encounter]]>=35,EHR[[#This Row],[Age_at_Encounter]]<=49),"Middle Age",AND(EHR[[#This Row],[Age_at_Encounter]]>=50,EHR[[#This Row],[Age_at_Encounter]]<=64),"Late middle Age",EHR[[#This Row],[Age_at_Encounter]]>=65,"Senior Adults")} -> Middle Age | K11: Female | L11: East Asian | M11: National Insurance | N11: Current | O11: Unknown | P11: 8A25 | Q11: =_xlfn.XLOOKUP(EHR[[#This Row],[Primary_ICD11_Code]],'03_ICD11_Reference'!A:A,'03_ICD11_Reference'!D:D,,0) -> Neurological | R11: Epilepsy | S11: Yes | T11: Aspirin 75mg OD; Dapagliflozin 10mg OD; Ramipril 5mg OD; Warfarin (variable) | U11: 4 | V11: =_xlfn.XLOOKUP(EHR[[#This Row],[Encounter_ID]],'02_Lab_Results'!B:B,'02_Lab_Results'!D:D,,0) -> 789-8 | W11: =_xlfn.XLOOKUP(EHR[[#This Row],[LOINC Code]],'04_LOINC_Reference'!A:A,'04_LOINC_Reference'!F:F,,0) -> Biochemistry | X11: =_xlfn.XLOOKUP(EHR[[#This Row],[LOINC Code]],'02_Lab_Results'!D:D,'02_Lab_Results'!E:E,,0) -> RBC count | Y11: =_xlfn.XLOOKUP(EHR[[#This Row],[LOINC Code]],'02_Lab_Results'!D:D,'02_Lab_Results'!J:J,,0) -> High | Z11: {=_xlfn.XLOOKUP(1,(B11=B$2:B$500)*(V$2:V$500="4548-4"),Y$2:Y$500,"Not Tested")} -> Not Tested | AA11: 101 | AB11: 69 | AC11: =IF(AND(EHR[[#This Row],[BP_Systolic_mmHg]]<140,EHR[[#This Row],[BP_Diastolic_mmHg]]<90),"Controlled",IF(OR(EHR[[#This Row],[BP_Systolic_mmHg]]="Not Recorded",EHR[[#This Row],[BP_Diastolic_mmHg]]="Not Recorded"),"No Reading","Uncontrolled")) -> Controlled | AD11: =_xlfn.CONCAT(EHR[[#This Row],[BP_Systolic_mmHg]],"/",EHR[[#This Row],[BP_Diastolic_mmHg]]) -> 101/69 | AE11: 100 | AF11: 15 | AG11: 36.4 | AH11: 44.2 | AI11: =IF(EHR[[#This Row],[BMI_kg_m2]]>=30,"Obese","Non-Obese") -> Obese | AJ11: 94 | AK11: 8480-6 | AL11: 8462-4 | AM11: 8867-4 | AN11: 39156-5 | AO11: 59408-5 | AR11: =COUNTA(EHR[Encounter_ID]) -> 398
A12: PID-0005 | B12: ENC-0005-01 | C12: 45121 | D12: Follow-up | E12: Central District Hospital | F12: Mombasa | G12: Dr. R. Mendes | H12: 17869 | I12: 77 | J12: {=_xlfn.IFS(EHR[[#This Row],[Age_at_Encounter]]<18,"Adolescent",AND(EHR[[#This Row],[Age_at_Encounter]]>=18,EHR[[#This Row],[Age_at_Encounter]]<=34),"Young Adults",AND(EHR[[#This Row],[Age_at_Encounter]]>=35,EHR[[#This Row],[Age_at_Encounter]]<=49),"Middle Age",AND(EHR[[#This Row],[Age_at_Encounter]]>=50,EHR[[#This Row],[Age_at_Encounter]]<=64),"Late middle Age",EHR[[#This Row],[Age_at_Encounter]]>=65,"Senior Adults")} -> Senior Adults | K12: Female | L12: White European | M12: Employer | N12: Current | O12: None | P12: BA41 | Q12: =_xlfn.XLOOKUP(EHR[[#This Row],[Primary_ICD11_Code]],'03_ICD11_Reference'!A:A,'03_ICD11_Reference'!D:D,,0) -> Cardiovascular | R12: Acute MI – STEMI | S12: No | T12: Lisinopril 10mg OD | U12: 1 | V12: =_xlfn.XLOOKUP(EHR[[#This Row],[Encounter_ID]],'02_Lab_Results'!B:B,'02_Lab_Results'!D:D,,0) -> 17861-6 | W12: =_xlfn.XLOOKUP(EHR[[#This Row],[LOINC Code]],'04_LOINC_Reference'!A:A,'04_LOINC_Reference'!F:F,,0) -> Biochemistry | X12: =_xlfn.XLOOKUP(EHR[[#This Row],[LOINC Code]],'02_Lab_Results'!D:D,'02_Lab_Results'!E:E,,0) -> Serum calcium | Y12: =_xlfn.XLOOKUP(EHR[[#This Row],[LOINC Code]],'02_Lab_Results'!D:D,'02_Lab_Results'!J:J,,0) -> High | Z12: {=_xlfn.XLOOKUP(1,(B12=B$2:B$500)*(V$2:V$500="4548-4"),Y$2:Y$500,"Not Tested")} -> Not Tested | AA12: 143 | AB12: 63 | AC12: =IF(AND(EHR[[#This Row],[BP_Systolic_mmHg]]<140,EHR[[#This Row],[BP_Diastolic_mmHg]]<90),"Controlled",IF(OR(EHR[[#This Row],[BP_Systolic_mmHg]]="Not Recorded",EHR[[#This Row],[BP_Diastolic_mmHg]]="Not Recorded"),"No Reading","Uncontrolled")) -> Uncontrolled | AD12: =_xlfn.CONCAT(EHR[[#This Row],[BP_Systolic_mmHg]],"/",EHR[[#This Row],[BP_Diastolic_mmHg]]) -> 143/63 | AE12: 64 | AF12: 19 | AG12: 38.8 | AH12: 19.6 | AI12: =IF(EHR[[#This Row],[BMI_kg_m2]]>=30,"Obese","Non-Obese") -> Non-Obese | AJ12: 98 | AK12: 8480-6 | AL12: 8462-4 | AM12: 8867-4 | AN12: 39156-5 | AO12: 59408-5 | AR12: Average BMI
A13: PID-0006 | B13: ENC-0006-01 | C13: 45198 | D13: Outpatient | E13: Riverside Specialist Centre | F13: Garissa | G13: Dr. A. Mwangi | H13: 16656 | I13: 80 | J13: {=_xlfn.IFS(EHR[[#This Row],[Age_at_Encounter]]<18,"Adolescent",AND(EHR[[#This Row],[Age_at_Encounter]]>=18,EHR[[#This Row],[Age_at_Encounter]]<=34),"Young Adults",AND(EHR[[#This Row],[Age_at_Encounter]]>=35,EHR[[#This Row],[Age_at_Encounter]]<=49),"Middle Age",AND(EHR[[#This Row],[Age_at_Encounter]]>=50,EHR[[#This Row],[Age_at_Encounter]]<=64),"Late middle Age",EHR[[#This Row],[Age_at_Encounter]]>=65,"Senior Adults")} -> Senior Adults | K13: Female | L13: Hispanic/Latino | M13: National Insurance | N13: Unknown | O13: None | P13: FA24 | Q13: =_xlfn.XLOOKUP(EHR[[#This Row],[Primary_ICD11_Code]],'03_ICD11_Reference'!A:A,'03_ICD11_Reference'!D:D,,0) -> Gastroenterology | R13: Gastro-oesophageal reflux disease | S13: Yes | T13: Salbutamol 100mcg PRN; Warfarin (variable); Omeprazole 20mg OD; Clopidogrel 75mg OD | U13: 4 | V13: =_xlfn.XLOOKUP(EHR[[#This Row],[Encounter_ID]],'02_Lab_Results'!B:B,'02_Lab_Results'!D:D,,0) -> 2345-7 | W13: =_xlfn.XLOOKUP(EHR[[#This Row],[LOINC Code]],'04_LOINC_Reference'!A:A,'04_LOINC_Reference'!F:F,,0) -> Biochemistry | X13: =_xlfn.XLOOKUP(EHR[[#This Row],[LOINC Code]],'02_Lab_Results'!D:D,'02_Lab_Results'!E:E,,0) -> Serum glucose (fasting) | Y13: =_xlfn.XLOOKUP(EHR[[#This Row],[LOINC Code]],'02_Lab_Results'!D:D,'02_Lab_Results'!J:J,,0) -> Normal | Z13: {=_xlfn.XLOOKUP(1,(B13=B$2:B$500)*(V$2:V$500="4548-4"),Y$2:Y$500,"Not Tested")} -> Not Tested | AA13: 178 | AB13: 102 | AC13: =IF(AND(EHR[[#This Row],[BP_Systolic_mmHg]]<140,EHR[[#This Row],[BP_Diastolic_mmHg]]<90),"Controlled",IF(OR(EHR[[#This Row],[BP_Systolic_mmHg]]="Not Recorded",EHR[[#This Row],[BP_Diastolic_mmHg]]="Not Recorded"),"No Reading","Uncontrolled")) -> Uncontrolled | AD13: =_xlfn.CONCAT(EHR[[#This Row],[BP_Systolic_mmHg]],"/",EHR[[#This Row],[BP_Diastolic_mmHg]]) -> 178/102 | AE13: 71 | AF13: 23 | AG13: 38.3 | AH13: 39.8 | AI13: =IF(EHR[[#This Row],[BMI_kg_m2]]>=30,"Obese","Non-Obese") -> Obese | AJ13: 96 | AK13: 8480-6 | AL13: 8462-4 | AM13: 8867-4 | AN13: 39156-5 | AO13: 59408-5 | AR13: =AVERAGEIF(EHR[BMI_kg_m2],">"&0,EHR[BMI_kg_m2]) -> 31.557106
A14: PID-0007 | B14: ENC-0007-01 | C14: 44997 | D14: Follow-up | E14: Riverside Specialist Centre | F14: Garissa | G14: Dr. F. Hassan | H14: 36544 | I14: 25 | J14: {=_xlfn.IFS(EHR[[#This Row],[Age_at_Encounter]]<18,"Adolescent",AND(EHR[[#This Row],[Age_at_Encounter]]>=18,EHR[[#This Row],[Age_at_Encounter]]<=34),"Young Adults",AND(EHR[[#This Row],[Age_at_Encounter]]>=35,EHR[[#This Row],[Age_at_Encounter]]<=49),"Middle Age",AND(EHR[[#This Row],[Age_at_Encounter]]>=50,EHR[[#This Row],[Age_at_Encounter]]<=64),"Late middle Age",EHR[[#This Row],[Age_at_Encounter]]>=65,"Senior Adults")} -> Young Adults | K14: Female | L14: South Asian | M14: National Insurance | N14: Never | O14: None | P14: BA80,5A11 | Q14: =_xlfn.XLOOKUP(EHR[[#This Row],[Primary_ICD11_Code]],'03_ICD11_Reference'!A:A,'03_ICD11_Reference'!D:D,,0) -> Multi-system | R14: Hypertension + T2DM | S14: Yes | T14: Ramipril 5mg OD | U14: 1 | V14: =_xlfn.XLOOKUP(EHR[[#This Row],[Encounter_ID]],'02_Lab_Results'!B:B,'02_Lab_Results'!D:D,,0) -> 17861-6 | W14: =_xlfn.XLOOKUP(EHR[[#This Row],[LOINC Code]],'04_LOINC_Reference'!A:A,'04_LOINC_Reference'!F:F,,0) -> Biochemistry | X14: =_xlfn.XLOOKUP(EHR[[#This Row],[LOINC Code]],'02_Lab_Results'!D:D,'02_Lab_Results'!E:E,,0) -> Serum calcium | Y14: =_xlfn.XLOOKUP(EHR[[#This Row],[LOINC Code]],'02_Lab_Results'!D:D,'02_Lab_Results'!J:J,,0) -> High | Z14: {=_xlfn.XLOOKUP(1,(B14=B$2:B$500)*(V$2:V$500="4548-4"),Y$2:Y$500,"Not Tested")} -> Not Tested | AA14: 149 | AB14: 96 | AC14: =IF(AND(EHR[[#This Row],[BP_Systolic_mmHg]]<140,EHR[[#This Row],[BP_Diastolic_mmHg]]<90),"Controlled",IF(OR(EHR[[#This Row],[BP_Systolic_mmHg]]="Not Recorded",EHR[[#This Row],[BP_Diastolic_mmHg]]="Not Recorded"),"No Reading","Uncontrolled")) -> Uncontrolled | AD14: =_xlfn.CONCAT(EHR[[#This Row],[BP_Systolic_mmHg]],"/",EHR[[#This Row],[BP_Diastolic_mmHg]]) -> 149/96 | AE14: 68 | AF14: 14 | AG14: 38.8 | AH14: 24.5 | AI14: =IF(EHR[[#This Row],[BMI_kg_m2]]>=30,"Obese","Non-Obese") -> Non-Obese | AJ14: 95 | AK14: 8480-6 | AL14: 8462-4 | AM14: 8867-4 | AN14: 39156-5 | AO14: 59408-5
A15: PID-0007 | B15: ENC-0007-02 | C15: 45136 | D15: Telehealth | E15: Riverside Specialist Centre | F15: Kitale | G15: Dr. S. Okonkwo | H15: 36544 | I15: 25 | J15: {=_xlfn.IFS(EHR[[#This Row],[Age_at_Encounter]]<18,"Adolescent",AND(EHR[[#This Row],[Age_at_Encounter]]>=18,EHR[[#This Row],[Age_at_Encounter]]<=34),"Young Adults",AND(EHR[[#This Row],[Age_at_Encounter]]>=35,EHR[[#This Row],[Age_at_Encounter]]<=49),"Middle Age",AND(EHR[[#This Row],[Age_at_Encounter]]>=50,EHR[[#This Row],[Age_at_Encounter]]<=64),"Late middle Age",EHR[[#This Row],[Age_at_Encounter]]>=65,"Senior Adults")} -> Young Adults | K15: Female | L15: Black African | M15: National Insurance | N15: Never | O15: None | P15: BA80,5A11 | Q15: =_xlfn.XLOOKUP(EHR[[#This Row],[Primary_ICD11_Code]],'03_ICD11_Reference'!A:A,'03_ICD11_Reference'!D:D,,0) -> Multi-system | R15: Hypertension + T2DM | S15: Yes | T15: Amlodipine 5mg OD | U15: 1 | V15: =_xlfn.XLOOKUP(EHR[[#This Row],[Encounter_ID]],'02_Lab_Results'!B:B,'02_Lab_Results'!D:D,,0) -> 6690-2 | W15: =_xlfn.XLOOKUP(EHR[[#This Row],[LOINC Code]],'04_LOINC_Reference'!A:A,'04_LOINC_Reference'!F:F,,0) -> Biochemistry | X15: =_xlfn.XLOOKUP(EHR[[#This Row],[LOINC Code]],'02_Lab_Results'!D:D,'02_Lab_Results'!E:E,,0) -> WBC count | Y15: =_xlfn.XLOOKUP(EHR[[#This Row],[LOINC Code]],'02_Lab_Results'!D:D,'02_Lab_Results'!J:J,,0) -> Low | Z15: {=_xlfn.XLOOKUP(1,(B15=B$2:B$500)*(V$2:V$500="4548-4"),Y$2:Y$500,"Not Tested")} -> Not Tested | AA15: 155 | AB15: 74 | AC15: =IF(AND(EHR[[#This Row],[BP_Systolic_mmHg]]<140,EHR[[#This Row],[BP_Diastolic_mmHg]]<90),"Controlled",IF(OR(EHR[[#This Row],[BP_Systolic_mmHg]]="Not Recorded",EHR[[#This Row],[BP_Diastolic_mmHg]]="Not Recorded"),"No Reading","Uncontrolled")) -> Uncontrolled | AD15: =_xlfn.CONCAT(EHR[[#This Row],[BP_Systolic_mmHg]],"/",EHR[[#This Row],[BP_Diastolic_mmHg]]) -> 155/74 | AE15: 70 | AF15: 14 | AG15: 38.1 | AH15: 30.5 | AI15: =IF(EHR[[#This Row],[BMI_kg_m2]]>=30,"Obese","Non-Obese") -> Obese | AJ15: 99 | AK15: 8480-6 | AL15: 8462-4 | AM15: 8867-4 | AN15: 39156-5 | AO15: 59408-5
A16: PID-0007 | B16: ENC-0007-03 | C16: 45477 | D16: Follow-up | E16: Metro Emergency Unit | F16: Mombasa | G16: Dr. L. Patel | H16: 36544 | I16: 25 | J16: {=_xlfn.IFS(EHR[[#This Row],[Age_at_Encounter]]<18,"Adolescent",AND(EHR[[#This Row],[Age_at_Encounter]]>=18,EHR[[#This Row],[Age_at_Encounter]]<=34),"Young Adults",AND(EHR[[#This Row],[Age_at_Encounter]]>=35,EHR[[#This Row],[Age_at_Encounter]]<=49),"Middle Age",AND(EHR[[#This Row],[Age_at_Encounter]]>=50,EHR[[#This Row],[Age_at_Encounter]]<=64),"Late middle Age",EHR[[#This Row],[Age_at_Encounter]]>=65,"Senior Adults")} -> Young Adults | K16: Female | L16: South Asian | M16: National Insurance | N16: Never | O16: None | P16: BA80,5A11 | Q16: =_xlfn.XLOOKUP(EHR[[#This Row],[Primary_ICD11_Code]],'03_ICD11_Reference'!A:A,'03_ICD11_Reference'!D:D,,0) -> Multi-system | R16: Hypertension + T2DM | S16: Yes | T16: None; Empagliflozin 10mg OD; Amlodipine 5mg OD | U16: 3 | V16: =_xlfn.XLOOKUP(EHR[[#This Row],[Encounter_ID]],'02_Lab_Results'!B:B,'02_Lab_Results'!D:D,,0) -> 2093-3 | W16: =_xlfn.XLOOKUP(EHR[[#This Row],[LOINC Code]],'04_LOINC_Reference'!A:A,'04_LOINC_Reference'!F:F,,0) -> Biochemistry | X16: =_xlfn.XLOOKUP(EHR[[#This Row],[LOINC Code]],'02_Lab_Results'!D:D,'02_Lab_Results'!E:E,,0) -> Total cholesterol | Y16: =_xlfn.XLOOKUP(EHR[[#This Row],[LOINC Code]],'02_Lab_Results'!D:D,'02_Lab_Results'!J:J,,0) -> Normal | Z16: {=_xlfn.XLOOKUP(1,(B16=B$2:B$500)*(V$2:V$500="4548-4"),Y$2:Y$500,"Not Tested")} -> Not Tested | AA16: 114 | AB16: 71 | AC16: =IF(AND(EHR[[#This Row],[BP_Systolic_mmHg]]<140,EHR[[#This Row],[BP_Diastolic_mmHg]]<90),"Controlled",IF(OR(EHR[[#This Row],[BP_Systolic_mmHg]]="Not Recorded",EHR[[#This Row],[BP_Diastolic_mmHg]]="Not Recorded"),"No Reading","Uncontrolled")) -> Controlled | AD16: =_xlfn.CONCAT(EHR[[#This Row],[BP_Systolic_mmHg]],"/",EHR[[#This Row],[BP_Diastolic_mmHg]]) -> 114/71 | AE16: 120 | AF16: 26 | AG16: 38.8 | AH16: 28 | AI16: =IF(EHR[[#This Row],[BMI_kg_m2]]>=30,"Obese","Non-Obese") -> Non-Obese | AJ16: 89 | AK16: 8480-6 | AL16: 8462-4 | AM16: 8867-4 | AN16: 39156-5 | AO16: 59408-5
A17: PID-0007 | B17: ENC-0007-04 | C17: 45045 | D17: Outpatient | E17: Central District Hospital | F17: Malindi | G17: Dr. Y. Kim | H17: 36544 | I17: 25 | J17: {=_xlfn.IFS(EHR[[#This Row],[Age_at_Encounter]]<18,"Adolescent",AND(EHR[[#This Row],[Age_at_Encounter]]>=18,EHR[[#This Row],[Age_at_Encounter]]<=34),"Young Adults",AND(EHR[[#This Row],[Age_at_Encounter]]>=35,EHR[[#This Row],[Age_at_Encounter]]<=49),"Middle Age",AND(EHR[[#This Row],[Age_at_Encounter]]>=50,EHR[[#This Row],[Age_at_Encounter]]<=64),"Late middle Age",EHR[[#This Row],[Age_at_Encounter]]>=65,"Senior Adults")} -> Young Adults | K17: Female | L17: Black African | M17: National Insurance | N17: Never | O17: None | P17: BA80,5A11 | Q17: =_xlfn.XLOOKUP(EHR[[#This Row],[Primary_ICD11_Code]],'03_ICD11_Reference'!A:A,'03_ICD11_Reference'!D:D,,0) -> Multi-system | R17: Hypertension + T2DM | S17: Yes | T17: Empagliflozin 10mg OD; Dapagliflozin 10mg OD; Bisoprolol 5mg OD | U17: 3 | V17: =_xlfn.XLOOKUP(EHR[[#This Row],[Encounter_ID]],'02_Lab_Results'!B:B,'02_Lab_Results'!D:D,,0) -> 13457-7 | W17: =_xlfn.XLOOKUP(EHR[[#This Row],[LOINC Code]],'04_LOINC_Reference'!A:A,'04_LOINC_Reference'!F:F,,0) -> Biochemistry | X17: =_xlfn.XLOOKUP(EHR[[#This Row],[LOINC Code]],'02_Lab_Results'!D:D,'02_Lab_Results'!E:E,,0) -> LDL cholesterol | Y17: =_xlfn.XLOOKUP(EHR[[#This Row],[LOINC Code]],'02_Lab_Results'!D:D,'02_Lab_Results'!J:J,,0) -> High | Z17: {=_xlfn.XLOOKUP(1,(B17=B$2:B$500)*(V$2:V$500="4548-4"),Y$2:Y$500,"Not Tested")} -> Not Tested | AA17: 175 | AB17: 100 | AC17: =IF(AND(EHR[[#This Row],[BP_Systolic_mmHg]]<140,EHR[[#This Row],[BP_Diastolic_mmHg]]<90),"Controlled",IF(OR(EHR[[#This Row],[BP_Systolic_mmHg]]="Not Recorded",EHR[[#This Row],[BP_Diastolic_mmHg]]="Not Recorded"),"No Reading","Uncontrolled")) -> Uncontrolled | AD17: =_xlfn.CONCAT(EHR[[#This Row],[BP_Systolic_mmHg]],"/",EHR[[#This Row],[BP_Diastolic_mmHg]]) -> 175/100 | AE17: 62 | AF17: 17 | AG17: 36.7 | AH17: 27.3 | AI17: =IF(EHR[[#This Row],[BMI_kg_m2]]>=30,"Obese","Non-Obese") -> Non-Obese | AJ17: 96 | AK17: 8480-6 | AL17: 8462-4 | AM17: 8867-4 | AN17: 39156-5 | AO17: 59408-5
A18: PID-0007 | B18: ENC-0007-05 | C18: 44930 | D18: Emergency | E18: Riverside Specialist Centre | F18: Nairobi | G18: Dr. F. Hassan | H18: 36544 | I18: 25 | J18: {=_xlfn.IFS(EHR[[#This Row],[Age_at_Encounter]]<18,"Adolescent",AND(EHR[[#This Row],[Age_at_Encounter]]>=18,EHR[[#This Row],[Age_at_Encounter]]<=34),"Young Adults",AND(EHR[[#This Row],[Age_at_Encounter]]>=35,EHR[[#This Row],[Age_at_Encounter]]<=49),"Middle Age",AND(EHR[[#This Row],[Age_at_Encounter]]>=50,EHR[[#This Row],[Age_at_Encounter]]<=64),"Late middle Age",EHR[[#This Row],[Age_at_Encounter]]>=65,"Senior Adults")} -> Young Adults | K18: Female | L18: Mixed/Other | M18: National Insurance | N18: Never | O18: None | P18: BA80,5A11 | Q18: =_xlfn.XLOOKUP(EHR[[#This Row],[Primary_ICD11_Code]],'03_ICD11_Reference'!A:A,'03_ICD11_Reference'!D:D,,0) -> Multi-system | R18: Hypertension + T2DM | S18: Yes | T18: Metformin 1g BD | U18: 1 | V18: =_xlfn.XLOOKUP(EHR[[#This Row],[Encounter_ID]],'02_Lab_Results'!B:B,'02_Lab_Results'!D:D,,0) -> 789-8 | W18: =_xlfn.XLOOKUP(EHR[[#This Row],[LOINC Code]],'04_LOINC_Reference'!A:A,'04_LOINC_Reference'!F:F,,0) -> Biochemistry | X18: =_xlfn.XLOOKUP(EHR[[#This Row],[LOINC Code]],'02_Lab_Results'!D:D,'02_Lab_Results'!E:E,,0) -> RBC count | Y18: =_xlfn.XLOOKUP(EHR[[#This Row],[LOINC Code]],'02_Lab_Results'!D:D,'02_Lab_Results'!J:J,,0) -> High | Z18: {=_xlfn.XLOOKUP(1,(B18=B$2:B$500)*(V$2:V$500="4548-4"),Y$2:Y$500,"Not Tested")} -> Not Tested | AA18: 125 | AB18: 63 | AC18: =IF(AND(EHR[[#This Row],[BP_Systolic_mmHg]]<140,EHR[[#This Row],[BP_Diastolic_mmHg]]<90),"Controlled",IF(OR(EHR[[#This Row],[BP_Systolic_mmHg]]="Not Recorded",EHR[[#This Row],[BP_Diastolic_mmHg]]="Not Recorded"),"No Reading","Uncontrolled")) -> Controlled | AD18: =_xlfn.CONCAT(EHR[[#This Row],[BP_Systolic_mmHg]],"/",EHR[[#This Row],[BP_Diastolic_mmHg]]) -> 125/63 | AE18: 123 | AF18: 15 | AG18: 37.4 | AH18: 37.6 | AI18: =IF(EHR[[#This Row],[BMI_kg_m2]]>=30,"Obese","Non-Obese") -> Obese | AJ18: 94 | AK18: 8480-6 | AL18: 8462-4 | AM18: 8867-4 | AN18: 39156-5 | AO18: 59408-5
A19: PID-0008 | B19: ENC-0008-01 | C19: 45609 | D19: Outpatient | E19: Eastside Clinic | F19: Thika | G19: Dr. T. Osei | H19: 19055 | I19: 73 | J19: {=_xlfn.IFS(EHR[[#This Row],[Age_at_Encounter]]<18,"Adolescent",AND(EHR[[#This Row],[Age_at_Encounter]]>=18,EHR[[#This Row],[Age_at_Encounter]]<=34),"Young Adults",AND(EHR[[#This Row],[Age_at_Encounter]]>=35,EHR[[#This Row],[Age_at_Encounter]]<=49),"Middle Age",AND(EHR[[#This Row],[Age_at_Encounter]]>=50,EHR[[#This Row],[Age_at_Encounter]]<=64),"Late middle Age",EHR[[#This Row],[Age_at_Encounter]]>=65,"Senior Adults")} -> Senior Adults | K19: Male | L19: Middle Eastern | M19: None | N19: Current | O19: Occasional | P19: LD27 | Q19: =_xlfn.XLOOKUP(EHR[[#This Row],[Primary_ICD11_Code]],'03_ICD11_Reference'!A:A,'03_ICD11_Reference'!D:D,,0) -> Genitourinary | R19: Urinary tract infection | S19: No | T19: Furosemide 40mg OD; Ramipril 5mg OD | U19: 2 | V19: =_xlfn.XLOOKUP(EHR[[#This Row],[Encounter_ID]],'02_Lab_Results'!B:B,'02_Lab_Results'!D:D,,0) -> 13457-7 | W19: =_xlfn.XLOOKUP(EHR[[#This Row],[LOINC Code]],'04_LOINC_Reference'!A:A,'04_LOINC_Reference'!F:F,,0) -> Biochemistry | X19: =_xlfn.XLOOKUP(EHR[[#This Row],[LOINC Code]],'02_Lab_Results'!D:D,'02_Lab_Results'!E:E,,0) -> LDL cholesterol | Y19: =_xlfn.XLOOKUP(EHR[[#This Row],[LOINC Code]],'02_Lab_Results'!D:D,'02_Lab_Results'!J:J,,0) -> High | Z19: {=_xlfn.XLOOKUP(1,(B19=B$2:B$500)*(V$2:V$500="4548-4"),Y$2:Y$500,"Not Tested")} -> Not Tested | AA19: 104 | AB19: 102 | AC19: =IF(AND(EHR[[#This Row],[BP_Systolic_mmHg]]<140,EHR[[#This Row],[BP_Diastolic_mmHg]]<90),"Controlled",IF(OR(EHR[[#This Row],[BP_Systolic_mmHg]]="Not Recorded",EHR[[#This Row],[BP_Diastolic_mmHg]]="Not Recorded"),"No Reading","Uncontrolled")) -> Uncontrolled | AD19: =_xlfn.CONCAT(EHR[[#This Row],[BP_Systolic_mmHg]],"/",EHR[[#This Row],[BP_Diastolic_mmHg]]) -> 104/102 | AE19: 116 | AF19: 19 | AG19: 38 | AH19: 21.9 | AI19: =IF(EHR[[#This Row],[BMI_kg_m2]]>=30,"Obese","Non-Obese") -> Non-Obese | AJ19: 99 | AK19: 8480-6 | AL19: 8462-4 | AM19: 8867-4 | AN19: 39156-5 | AO19: 59408-5
A20: PID-0008 | B20: ENC-0008-02 | C20: 45612 | D20: Inpatient | E20: Metro Emergency Unit | F20: Nakuru | G20: Dr. R. Mendes | H20: 19055 | I20: 73 | J20: {=_xlfn.IFS(EHR[[#This Row],[Age_at_Encounter]]<18,"Adolescent",AND(EHR[[#This Row],[Age_at_Encounter]]>=18,EHR[[#This Row],[Age_at_Encounter]]<=34),"Young Adults",AND(EHR[[#This Row],[Age_at_Encounter]]>=35,EHR[[#This Row],[Age_at_Encounter]]<=49),"Middle Age",AND(EHR[[#This Row],[Age_at_Encounter]]>=50,EHR[[#This Row],[Age_at_Encounter]]<=64),"Late middle Age",EHR[[#This Row],[Age_at_Encounter]]>=65,"Senior Adults")} -> Senior Adults | K20: Male | L20: Black African | M20: None | N20: Current | O20: Occasional | P20: LD27 | Q20: =_xlfn.XLOOKUP(EHR[[#This Row],[Primary_ICD11_Code]],'03_ICD11_Reference'!A:A,'03_ICD11_Reference'!D:D,,0) -> Genitourinary | R20: Urinary tract infection | S20: No | T20: Warfarin (variable); Metoprolol 50mg BD | U20: 2 | V20: =_xlfn.XLOOKUP(EHR[[#This Row],[Encounter_ID]],'02_Lab_Results'!B:B,'02_Lab_Results'!D:D,,0) -> 2160-0 | W20: =_xlfn.XLOOKUP(EHR[[#This Row],[LOINC Code]],'04_LOINC_Reference'!A:A,'04_LOINC_Reference'!F:F,,0) -> Biochemistry | X20: =_xlfn.XLOOKUP(EHR[[#This Row],[LOINC Code]],'02_Lab_Results'!D:D,'02_Lab_Results'!E:E,,0) -> Serum creatinine | Y20: =_xlfn.XLOOKUP(EHR[[#This Row],[LOINC Code]],'02_Lab_Results'!D:D,'02_Lab_Results'!J:J,,0) -> Normal | Z20: {=_xlfn.XLOOKUP(1,(B20=B$2:B$500)*(V$2:V$500="4548-4"),Y$2:Y$500,"Not Tested")} -> Not Tested | AA20: 173 | AB20: 104 | AC20: =IF(AND(EHR[[#This Row],[BP_Systolic_mmHg]]<140,EHR[[#This Row],[BP_Diastolic_mmHg]]<90),"Controlled",IF(OR(EHR[[#This Row],[BP_Systolic_mmHg]]="Not Recorded",EHR[[#This Row],[BP_Diastolic_mmHg]]="Not Recorded"),"No Reading","Uncontrolled")) -> Uncontrolled | AD20: =_xlfn.CONCAT(EHR[[#This Row],[BP_Systolic_mmHg]],"/",EHR[[#This Row],[BP_Diastolic_mmHg]]) -> 173/104 | AE20: 70 | AF20: 25 | AG20: 36.3 | AH20: 42.4 | AI20: =IF(EHR[[#This Row],[BMI_kg_m2]]>=30,"Obese","Non-Obese") -> Obese | AJ20: 98 | AK20: 8480-6 | AL20: 8462-4 | AM20: 8867-4 | AN20: 39156-5 | AO20: 59408-5
A21: PID-0009 | B21: ENC-0009-01 | C21: 45045 | D21: Telehealth | E21: Riverside Specialist Centre | F21: Nakuru | G21: Dr. Y. Kim | H21: 20615 | I21: 69 | J21: {=_xlfn.IFS(EHR[[#This Row],[Age_at_Encounter]]<18,"Adolescent",AND(EHR[[#This Row],[Age_at_Encounter]]>=18,EHR[[#This Row],[Age_at_Encounter]]<=34),"Young Adults",AND(EHR[[#This Row],[Age_at_Encounter]]>=35,EHR[[#This Row],[Age_at_Encounter]]<=49),"Middle Age",AND(EHR[[#This Row],[Age_at_Encounter]]>=50,EHR[[#This Row],[Age_at_Encounter]]<=64),"Late middle Age",EHR[[#This Row],[Age_at_Encounter]]>=65,"Senior Adults")} -> Senior Adults | K21: Male | L21: Black African | M21: Private | N21: Unknown | O21: Regular | P21: CA80 | Q21: =_xlfn.XLOOKUP(EHR[[#This Row],[Primary_ICD11_Code]],'03_ICD11_Reference'!A:A,'03_ICD11_Reference'!D:D,,0) -> Respiratory | R21: Asthma | S21: Yes | T21: Ramipril 5mg OD; Empagliflozin 10mg OD; Atorvastatin 40mg ON | U21: 3 | V21: =_xlfn.XLOOKUP(EHR[[#This Row],[Encounter_ID]],'02_Lab_Results'!B:B,'02_Lab_Results'!D:D,,0) -> 2093-3 | W21: =_xlfn.XLOOKUP(EHR[[#This Row],[LOINC Code]],'04_LOINC_Reference'!A:A,'04_LOINC_Reference'!F:F,,0) -> Biochemistry | X21: =_xlfn.XLOOKUP(EHR[[#This Row],[LOINC Code]],'02_Lab_Results'!D:D,'02_Lab_Results'!E:E,,0) -> Total cholesterol | Y21: =_xlfn.XLOOKUP(EHR[[#This Row],[LOINC Code]],'02_Lab_Results'!D:D,'02_Lab_Results'!J:J,,0) -> Normal | Z21: {=_xlfn.XLOOKUP(1,(B21=B$2:B$500)*(V$2:V$500="4548-4"),Y$2:Y$500,"Not Tested")} -> Not Tested | AA21: 174 | AB21: 71 | AC21: =IF(AND(EHR[[#This Row],[BP_Systolic_mmHg]]<140,EHR[[#This Row],[BP_Diastolic_mmHg]]<90),"Controlled",IF(OR(EHR[[#This Row],[BP_Systolic_mmHg]]="Not Recorded",EHR[[#This Row],[BP_Diastolic_mmHg]]="Not Recorded"),"No Reading","Uncontrolled")) -> Uncontrolled | AD21: =_xlfn.CONCAT(EHR[[#This Row],[BP_Systolic_mmHg]],"/",EHR[[#This Row],[BP_Diastolic_mmHg]]) -> 174/71 | AE21: 94 | AF21: 28 | AG21: 36.1 | AH21: 34.5 | AI21: =IF(EHR[[#This Row],[BMI_kg_m2]]>=30,"Obese","Non-Obese") -> Obese | AJ21: 91 | AK21: 8480-6 | AL21: 8462-4 | AM21: 8867-4 | AN21: 39156-5 | AO21: 59408-5
A22: PID-0009 | B22: ENC-0009-02 | C22: 45652 | D22: Inpatient | E22: Riverside Specialist Centre | F22: Eldoret | G22: Dr. T. Osei | H22: 20615 | I22: 69 | J22: {=_xlfn.IFS(EHR[[#This Row],[Age_at_Encounter]]<18,"Adolescent",AND(EHR[[#This Row],[Age_at_Encounter]]>=18,EHR[[#This Row],[Age_at_Encounter]]<=34),"Young Adults",AND(EHR[[#This Row],[Age_at_Encounter]]>=35,EHR[[#This Row],[Age_at_Encounter]]<=49),"Middle Age",AND(EHR[[#This Row],[Age_at_Encounter]]>=50,EHR[[#This Row],[Age_at_Encounter]]<=64),"Late middle Age",EHR[[#This Row],[Age_at_Encounter]]>=65,"Senior Adults")} -> Senior Adults | K22: Male | L22: South Asian | M22: Private | N22: Unknown | O22: Regular | P22: CA80 | Q22: =_xlfn.XLOOKUP(EHR[[#This Row],[Primary_ICD11_Code]],'03_ICD11_Reference'!A:A,'03_ICD11_Reference'!D:D,,0) -> Respiratory | R22: Asthma | S22: Yes | T22: Metformin 1g BD; Levothyroxine 50mcg OD; Clopidogrel 75mg OD; Atorvastatin 40mg ON | U22: 4 | V22: =_xlfn.XLOOKUP(EHR[[#This Row],[Encounter_ID]],'02_Lab_Results'!B:B,'02_Lab_Results'!D:D,,0) -> 2951-2 | W22: =_xlfn.XLOOKUP(EHR[[#This Row],[LOINC Code]],'04_LOINC_Reference'!A:A,'04_LOINC_Reference'!F:F,,0) -> Biochemistry | X22: =_xlfn.XLOOKUP(EHR[[#This Row],[LOINC Code]],'02_Lab_Results'!D:D,'02_Lab_Results'!E:E,,0) -> Serum sodium | Y22: =_xlfn.XLOOKUP(EHR[[#This Row],[LOINC Code]],'02_Lab_Results'!D:D,'02_Lab_Results'!J:J,,0) -> Low | Z22: {=_xlfn.XLOOKUP(1,(B22=B$2:B$500)*(V$2:V$500="4548-4"),Y$2:Y$500,"Not Tested")} -> Not Tested | AA22: 134 | AB22: 86 | AC22: =IF(AND(EHR[[#This Row],[BP_Systolic_mmHg]]<140,EHR[[#This Row],[BP_Diastolic_mmHg]]<90),"Controlled",IF(OR(EHR[[#This Row],[BP_Systolic_mmHg]]="Not Recorded",EHR[[#This Row],[BP_Diastolic_mmHg]]="Not Recorded"),"No Reading","Uncontrolled")) -> Controlled | AD22: =_xlfn.CONCAT(EHR[[#This Row],[BP_Systolic_mmHg]],"/",EHR[[#This Row],[BP_Diastolic_mmHg]]) -> 134/86 | AE22: 110 | AF22: 23 | AG22: 39 | AH22: 38.5 | AI22: =IF(EHR[[#This Row],[BMI_kg_m2]]>=30,"Obese","Non-Obese") -> Obese | AJ22: 90 | AK22: 8480-6 | AL22: 8462-4 | AM22: 8867-4 | AN22: 39156-5 | AO22: 59408-5
A23: PID-0009 | B23: ENC-0009-03 | C23: 45339 | D23: Inpatient | E23: Metro Emergency Unit | F23: Nakuru | G23: Dr. T. Osei | H23: 20615 | I23: 69 | J23: {=_xlfn.IFS(EHR[[#This Row],[Age_at_Encounter]]<18,"Adolescent",AND(EHR[[#This Row],[Age_at_Encounter]]>=18,EHR[[#This Row],[Age_at_Encounter]]<=34),"Young Adults",AND(EHR[[#This Row],[Age_at_Encounter]]>=35,EHR[[#This Row],[Age_at_Encounter]]<=49),"Middle Age",AND(EHR[[#This Row],[Age_at_Encounter]]>=50,EHR[[#This Row],[Age_at_Encounter]]<=64),"Late middle Age",EHR[[#This Row],[Age_at_Encounter]]>=65,"Senior Adults")} -> Senior Adults | K23: Male | L23: Middle Eastern | M23: Private | N23: Unknown | O23: Regular | P23: CA80 | Q23: =_xlfn.XLOOKUP(EHR[[#This Row],[Primary_ICD11_Code]],'03_ICD11_Reference'!A:A,'03_ICD11_Reference'!D:D,,0) -> Respiratory | R23: Asthma | S23: Yes | T23: Amlodipine 10mg OD; Prednisolone 5mg OD; Amlodipine 5mg OD | U23: 3 | V23: =_xlfn.XLOOKUP(EHR[[#This Row],[Encounter_ID]],'02_Lab_Results'!B:B,'02_Lab_Results'!D:D,,0) -> 789-8 | W23: =_xlfn.XLOOKUP(EHR[[#This Row],[LOINC Code]],'04_LOINC_Reference'!A:A,'04_LOINC_Reference'!F:F,,0) -> Biochemistry | X23: =_xlfn.XLOOKUP(EHR[[#This Row],[LOINC Code]],'02_Lab_Results'!D:D,'02_Lab_Results'!E:E,,0) -> RBC count | Y23: =_xlfn.XLOOKUP(EHR[[#This Row],[LOINC Code]],'02_Lab_Results'!D:D,'02_Lab_Results'!J:J,,0) -> High | Z23: {=_xlfn.XLOOKUP(1,(B23=B$2:B$500)*(V$2:V$500="4548-4"),Y$2:Y$500,"Not Tested")} -> Not Tested | AA23: 158 | AB23: 88 | AC23: =IF(AND(EHR[[#This Row],[BP_Systolic_mmHg]]<140,EHR[[#This Row],[BP_Diastolic_mmHg]]<90),"Controlled",IF(OR(EHR[[#This Row],[BP_Systolic_mmHg]]="Not Recorded",EHR[[#This Row],[BP_Diastolic_mmHg]]="Not Recorded"),"No Reading","Uncontrolled")) -> Uncontrolled | AD23: =_xlfn.CONCAT(EHR[[#This Row],[BP_Systolic_mmHg]],"/",EHR[[#This Row],[BP_Diastolic_mmHg]]) -> 158/88 | AE23: 64 | AF23: 23 | AG23: 37.2 | AH23: 38.8 | AI23: =IF(EHR[[#This Row],[BMI_kg_m2]]>=30,"Obese","Non-Obese") -> Obese | AJ23: 89 | AK23: 8480-6 | AL23: 8462-4 | AM23: 8867-4 | AN23: 39156-5 | AO23: 59408-5
A24: PID-0010 | B24: ENC-0010-01 | C24: 45606 | D24: Emergency | E24: Community Health Centre | F24: Kitale | G24: Dr. S. Okonkwo | H24: 17760 | I24: 77 | J24: {=_xlfn.IFS(EHR[[#This Row],[Age_at_Encounter]]<18,"Adolescent",AND(EHR[[#This Row],[Age_at_Encounter]]>=18,EHR[[#This Row],[Age_at_Encounter]]<=34),"Young Adults",AND(EHR[[#This Row],[Age_at_Encounter]]>=35,EHR[[#This Row],[Age_at_Encounter]]<=49),"Middle Age",AND(EHR[[#This Row],[Age_at_Encounter]]>=50,EHR[[#This Row],[Age_at_Encounter]]<=64),"Late middle Age",EHR[[#This Row],[Age_at_Encounter]]>=65,"Senior Adults")} -> Senior Adults | K24: Female | L24: East Asian | M24: Employer | N24: Ex-smoker | O24: None | P24: 8A00 | Q24: =_xlfn.XLOOKUP(EHR[[#This Row],[Primary_ICD11_Code]],'03_ICD11_Reference'!A:A,'03_ICD11_Reference'!D:D,,0) -> Neurological | R24: Ischaemic stroke | S24: No | T24: Lisinopril 10mg OD | U24: 1 | V24: =_xlfn.XLOOKUP(EHR[[#This Row],[Encounter_ID]],'02_Lab_Results'!B:B,'02_Lab_Results'!D:D,,0) -> 2777-1 | W24: =_xlfn.XLOOKUP(EHR[[#This Row],[LOINC Code]],'04_LOINC_Reference'!A:A,'04_LOINC_Reference'!F:F,,0) -> Biochemistry | X24: =_xlfn.XLOOKUP(EHR[[#This Row],[LOINC Code]],'02_Lab_Results'!D:D,'02_Lab_Results'!E:E,,0) -> Serum phosphate | Y24: =_xlfn.XLOOKUP(EHR[[#This Row],[LOINC Code]],'02_Lab_Results'!D:D,'02_Lab_Results'!J:J,,0) -> Normal | Z24: {=_xlfn.XLOOKUP(1,(B24=B$2:B$500)*(V$2:V$500="4548-4"),Y$2:Y$500,"Not Tested")} -> Not Tested | AA24: 152 | AB24: 75 | AC24: =IF(AND(EHR[[#This Row],[BP_Systolic_mmHg]]<140,EHR[[#This Row],[BP_Diastolic_mmHg]]<90),"Controlled",IF(OR(EHR[[#This Row],[BP_Systolic_mmHg]]="Not Recorded",EHR[[#This Row],[BP_Diastolic_mmHg]]="Not Recorded"),"No Reading","Uncontrolled")) -> Uncontrolled | AD24: =_xlfn.CONCAT(EHR[[#This Row],[BP_Systolic_mmHg]],"/",EHR[[#This Row],[BP_Diastolic_mmHg]]) -> 152/75 | AE24: 111 | AF24: 24 | AG24: 38.2 | AH24: 23.9 | AI24: =IF(EHR[[#This Row],[BMI_kg_m2]]>=30,"Obese","Non-Obese") -> Non-Obese | AJ24: 90 | AK24: 8480-6 | AL24: 8462-4 | AM24: 8867-4 | AN24: 39156-5 | AO24: 59408-5
A25: PID-0010 | B25: ENC-0010-02 | C25: 45351 | D25: Emergency | E25: Eastside Clinic | F25: Garissa | G25: NP J. Nakamura | H25: 17760 | I25: 77 | J25: {=_xlfn.IFS(EHR[[#This Row],[Age_at_Encounter]]<18,"Adolescent",AND(EHR[[#This Row],[Age_at_Encounter]]>=18,EHR[[#This Row],[Age_at_Encounter]]<=34),"Young Adults",AND(EHR[[#This Row],[Age_at_Encounter]]>=35,EHR[[#This Row],[Age_at_Encounter]]<=49),"Middle Age",AND(EHR[[#This Row],[Age_at_Encounter]]>=50,EHR[[#This Row],[Age_at_Encounter]]<=64),"Late middle Age",EHR[[#This Row],[Age_at_Encounter]]>=65,"Senior Adults")} -> Senior Adults | K25: Female | L25: Black African | M25: Employer | N25: Ex-smoker | O25: None | P25: 8A00 | Q25: =_xlfn.XLOOKUP(EHR[[#This Row],[Primary_ICD11_Code]],'03_ICD11_Reference'!A:A,'03_ICD11_Reference'!D:D,,0) -> Neurological | R25: Ischaemic stroke | S25: No | T25: Ramipril 5mg OD | U25: 1 | V25: =_xlfn.XLOOKUP(EHR[[#This Row],[Encounter_ID]],'02_Lab_Results'!B:B,'02_Lab_Results'!D:D,,0) -> 13457-7 | W25: =_xlfn.XLOOKUP(EHR[[#This Row],[LOINC Code]],'04_LOINC_Reference'!A:A,'04_LOINC_Reference'!F:F,,0) -> Biochemistry | X25: =_xlfn.XLOOKUP(EHR[[#This Row],[LOINC Code]],'02_Lab_Results'!D:D,'02_Lab_Results'!E:E,,0) -> LDL cholesterol | Y25: =_xlfn.XLOOKUP(EHR[[#This Row],[LOINC Code]],'02_Lab_Results'!D:D,'02_Lab_Results'!J:J,,0) -> High | Z25: {=_xlfn.XLOOKUP(1,(B25=B$2:B$500)*(V$2:V$500="4548-4"),Y$2:Y$500,"Not Tested")} -> Not Tested | AA25: 175 | AB25: 90 | AC25: =IF(AND(EHR[[#This Row],[BP_Systolic_mmHg]]<140,EHR[[#This Row],[BP_Diastolic_mmHg]]<90),"Controlled",IF(OR(EHR[[#This Row],[BP_Systolic_mmHg]]="Not Recorded",EHR[[#This Row],[BP_Diastolic_mmHg]]="Not Recorded"),"No Reading","Uncontrolled")) -> Uncontrolled | AD25: =_xlfn.CONCAT(EHR[[#This Row],[BP_Systolic_mmHg]],"/",EHR[[#This Row],[BP_Diastolic_mmHg]]) -> 175/90 | AE25: 104 | AF25: 18 | AG25: 37.3 | AH25: 21.7 | AI25: =IF(EHR[[#This Row],[BMI_kg_m2]]>=30,"Obese","Non-Obese") -> Non-Obese | AJ25: 96 | AK25: 8480-6 | AL25: 8462-4 | AM25: 8867-4 | AN25: 39156-5 | AO25: 59408-5
... A50: PID-0016 | B50: ENC-0016-02 | C50: 45662 | D50: Outpatient | E50: Central District Hospital | F50: Nyeri | G50: Dr. L. Patel | H50: 21753 | I50: 66 | J50: {=_xlfn.IFS(EHR[[#This Row],[Age_at_Encounter]]<18,"Adolescent",AND(EHR[[#This Row],[Age_at_Encounter]]>=18,EHR[[#This Row],[Age_at_Encounter]]<=34),"Young Adults",AND(EHR[[#This Row],[Age_at_Encounter]]>=35,EHR[[#This Row],[Age_at_Encounter]]<=49),"Middle Age",AND(EHR[[#This Row],[Age_at_Encounter]]>=50,EHR[[#This Row],[Age_at_Encounter]]<=64),"Late middle Age",EHR[[#This Row],[Age_at_Encounter]]>=65,"Senior Adults")} -> Senior Adults | K50: Female | L50: Hispanic/Latino | M50: None | N50: Ex-smoker | O50: Regular | P50: JA00 | Q50: =_xlfn.XLOOKUP(EHR[[#This Row],[Primary_ICD11_Code]],'03_ICD11_Reference'!A:A,'03_ICD11_Reference'!D:D,,0) -> Infectious | R50: Community-acquired pneumonia | S50: No | T50: Metformin 1g BD; Ramipril 5mg OD | U50: 2 | V50: =_xlfn.XLOOKUP(EHR[[#This Row],[Encounter_ID]],'02_Lab_Results'!B:B,'02_Lab_Results'!D:D,,0) -> 2093-3 | W50: =_xlfn.XLOOKUP(EHR[[#This Row],[LOINC Code]],'04_LOINC_Reference'!A:A,'04_LOINC_Reference'!F:F,,0) -> Biochemistry | X50: =_xlfn.XLOOKUP(EHR[[#This Row],[LOINC Code]],'02_Lab_Results'!D:D,'02_Lab_Results'!E:E,,0) -> Total cholesterol | Y50: =_xlfn.XLOOKUP(EHR[[#This Row],[LOINC Code]],'02_Lab_Results'!D:D,'02_Lab_Results'!J:J,,0) -> Normal | Z50: {=_xlfn.XLOOKUP(1,(B50=B$2:B$500)*(V$2:V$500="4548-4"),Y$2:Y$500,"Not Tested")} -> Not Tested | AA50: 175 | AB50: 84 | AC50: =IF(AND(EHR[[#This Row],[BP_Systolic_mmHg]]<140,EHR[[#This Row],[BP_Diastolic_mmHg]]<90),"Controlled",IF(OR(EHR[[#This Row],[BP_Systolic_mmHg]]="Not Recorded",EHR[[#This Row],[BP_Diastolic_mmHg]]="Not Recorded"),"No Reading","Uncontrolled")) -> Uncontrolled | AD50: =_xlfn.CONCAT(EHR[[#This Row],[BP_Systolic_mmHg]],"/",EHR[[#This Row],[BP_Diastolic_mmHg]]) -> 175/84 | AE50: 91 | AF50: 22 | AG50: 36.8 | AH50: 37 | AI50: =IF(EHR[[#This Row],[BMI_kg_m2]]>=30,"Obese","Non-Obese") -> Obese | AJ50: 91 | AK50: 8480-6 | AL50: 8462-4 | AM50: 8867-4 | AN50: 39156-5 | AO50: 59408-5
A51: PID-0017 | B51: ENC-0017-01 | C51: =EHR[[#This Row],[Patient_DOB]]+(EHR[[#This Row],[Age_at_Encounter]]*365) -> 45662 | D51: Inpatient | E51: Community Health Centre | F51: Eldoret | G51: Dr. A. Mwangi | H51: 37997 | I51: 21 | J51: {=_xlfn.IFS(EHR[[#This Row],[Age_at_Encounter]]<18,"Adolescent",AND(EHR[[#This Row],[Age_at_Encounter]]>=18,EHR[[#This Row],[Age_at_Encounter]]<=34),"Young Adults",AND(EHR[[#This Row],[Age_at_Encounter]]>=35,EHR[[#This Row],[Age_at_Encounter]]<=49),"Middle Age",AND(EHR[[#This Row],[Age_at_Encounter]]>=50,EHR[[#This Row],[Age_at_Encounter]]<=64),"Late middle Age",EHR[[#This Row],[Age_at_Encounter]]>=65,"Senior Adults")} -> Young Adults | K51: Female | L51: Middle Eastern | M51: Private | N51: Current | O51: Unknown | P51: 5A11 | Q51: =_xlfn.XLOOKUP(EHR[[#This Row],[Primary_ICD11_Code]],'03_ICD11_Reference'!A:A,'03_ICD11_Reference'!D:D,,0) -> Endocrine | R51: Type 2 diabetes mellitus | S51: Yes | T51: Clopidogrel 75mg OD; Salbutamol 100mcg PRN; Aspirin 75mg OD; Metoprolol 50mg BD | U51: 4 | V51: =_xlfn.XLOOKUP(EHR[[#This Row],[Encounter_ID]],'02_Lab_Results'!B:B,'02_Lab_Results'!D:D,,0) -> 6690-2 | W51: =_xlfn.XLOOKUP(EHR[[#This Row],[LOINC Code]],'04_LOINC_Reference'!A:A,'04_LOINC_Reference'!F:F,,0) -> Biochemistry | X51: =_xlfn.XLOOKUP(EHR[[#This Row],[LOINC Code]],'02_Lab_Results'!D:D,'02_Lab_Results'!E:E,,0) -> WBC count | Y51: =_xlfn.XLOOKUP(EHR[[#This Row],[LOINC Code]],'02_Lab_Results'!D:D,'02_Lab_Results'!J:J,,0) -> Low | Z51: {=_xlfn.XLOOKUP(1,(B51=B$2:B$500)*(V$2:V$500="4548-4"),Y$2:Y$500,"Not Tested")} -> Not Tested | AA51: 132 | AB51: Not Recorded | AC51: =IF(AND(EHR[[#This Row],[BP_Systolic_mmHg]]<140,EHR[[#This Row],[BP_Diastolic_mmHg]]<90),"Controlled",IF(OR(EHR[[#This Row],[BP_Systolic_mmHg]]="Not Recorded",EHR[[#This Row],[BP_Diastolic_mmHg]]="Not Recorded"),"No Reading","Uncontrolled")) -> No Reading | AD51: =_xlfn.CONCAT(EHR[[#This Row],[BP_Systolic_mmHg]],"/",EHR[[#This Row],[BP_Diastolic_mmHg]]) -> 132/Not Recorded | AE51: 64 | AF51: 15 | AG51: 38 | AH51: 28.4 | AI51: =IF(EHR[[#This Row],[BMI_kg_m2]]>=30,"Obese","Non-Obese") -> Non-Obese | AJ51: 96 | AK51: 8480-6 | AL51: 8462-4 | AM51: 8867-4 | AN51: 39156-5 | AO51: 59408-5
A52: PID-0017 | B52: ENC-0017-02 | C52: =EHR[[#This Row],[Patient_DOB]]+(EHR[[#This Row],[Age_at_Encounter]]*365) -> 45662 | D52: Telehealth | E52: Riverside Specialist Centre | F52: Thika | G52: Dr. Y. Kim | H52: 37997 | I52: 21 | J52: {=_xlfn.IFS(EHR[[#This Row],[Age_at_Encounter]]<18,"Adolescent",AND(EHR[[#This Row],[Age_at_Encounter]]>=18,EHR[[#This Row],[Age_at_Encounter]]<=34),"Young Adults",AND(EHR[[#This Row],[Age_at_Encounter]]>=35,EHR[[#This Row],[Age_at_Encounter]]<=49),"Middle Age",AND(EHR[[#This Row],[Age_at_Encounter]]>=50,EHR[[#This Row],[Age_at_Encounter]]<=64),"Late middle Age",EHR[[#This Row],[Age_at_Encounter]]>=65,"Senior Adults")} -> Young Adults | K52: Female | L52: Hispanic/Latino | M52: Private | N52: Current | O52: Unknown | P52: 5A11 | Q52: =_xlfn.XLOOKUP(EHR[[#This Row],[Primary_ICD11_Code]],'03_ICD11_Reference'!A:A,'03_ICD11_Reference'!D:D,,0) -> Endocrine | R52: Type 2 diabetes mellitus | S52: Yes | T52: Aspirin 75mg OD | U52: 1 | V52: =_xlfn.XLOOKUP(EHR[[#This Row],[Encounter_ID]],'02_Lab_Results'!B:B,'02_Lab_Results'!D:D,,0) -> 2093-3 | W52: =_xlfn.XLOOKUP(EHR[[#This Row],[LOINC Code]],'04_LOINC_Reference'!A:A,'04_LOINC_Reference'!F:F,,0) -> Biochemistry | X52: =_xlfn.XLOOKUP(EHR[[#This Row],[LOINC Code]],'02_Lab_Results'!D:D,'02_Lab_Results'!E:E,,0) -> Total cholesterol | Y52: =_xlfn.XLOOKUP(EHR[[#This Row],[LOINC Code]],'02_Lab_Results'!D:D,'02_Lab_Results'!J:J,,0) -> Normal | Z52: {=_xlfn.XLOOKUP(1,(B52=B$2:B$500)*(V$2:V$500="4548-4"),Y$2:Y$500,"Not Tested")} -> Not Tested | AA52: Not Recorded | AB52: 113 | AC52: =IF(AND(EHR[[#This Row],[BP_Systolic_mmHg]]<140,EHR[[#This Row],[BP_Diastolic_mmHg]]<90),"Controlled",IF(OR(EHR[[#This Row],[BP_Systolic_mmHg]]="Not Recorded",EHR[[#This Row],[BP_Diastolic_mmHg]]="Not Recorded"),"No Reading","Uncontrolled")) -> No Reading | AD52: =_xlfn.CONCAT(EHR[[#This Row],[BP_Systolic_mmHg]],"/",EHR[[#This Row],[BP_Diastolic_mmHg]]) -> Not Recorded/113 | AE52: 102 | AF52: 19 | AG52: 37 | AH52: 46 | AI52: =IF(EHR[[#This Row],[BMI_kg_m2]]>=30,"Obese","Non-Obese") -> Obese | AJ52: 98 | AK52: 8480-6 | AL52: 8462-4 | AM52: 8867-4 | AN52: 39156-5 | AO52: 59408-5
A53: PID-0017 | B53: ENC-0017-03 | C53: =EHR[[#This Row],[Patient_DOB]]+(EHR[[#This Row],[Age_at_Encounter]]*365) -> 45662 | D53: Emergency | E53: Eastside Clinic | F53: Kitale | G53: Dr. Y. Kim | H53: 37997 | I53: 21 | J53: {=_xlfn.IFS(EHR[[#This Row],[Age_at_Encounter]]<18,"Adolescent",AND(EHR[[#This Row],[Age_at_Encounter]]>=18,EHR[[#This Row],[Age_at_Encounter]]<=34),"Young Adults",AND(EHR[[#This Row],[Age_at_Encounter]]>=35,EHR[[#This Row],[Age_at_Encounter]]<=49),"Middle Age",AND(EHR[[#This Row],[Age_at_Encounter]]>=50,EHR[[#This Row],[Age_at_Encounter]]<=64),"Late middle Age",EHR[[#This Row],[Age_at_Encounter]]>=65,"Senior Adults")} -> Young Adults | K53: Female | L53: Hispanic/Latino | M53: Private | N53: Current | O53: Unknown | P53: 5A11 | Q53: =_xlfn.XLOOKUP(EHR[[#This Row],[Primary_ICD11_Code]],'03_ICD11_Reference'!A:A,'03_ICD11_Reference'!D:D,,0) -> Endocrine | R53: Type 2 diabetes mellitus | S53: Yes | T53: None; Insulin glargine 20u ON | U53: 2 | V53: =_xlfn.XLOOKUP(EHR[[#This Row],[Encounter_ID]],'02_Lab_Results'!B:B,'02_Lab_Results'!D:D,,0) -> 2823-3 | W53: =_xlfn.XLOOKUP(EHR[[#This Row],[LOINC Code]],'04_LOINC_Reference'!A:A,'04_LOINC_Reference'!F:F,,0) -> Biochemistry | X53: =_xlfn.XLOOKUP(EHR[[#This Row],[LOINC Code]],'02_Lab_Results'!D:D,'02_Lab_Results'!E:E,,0) -> Serum potassium | Y53: =_xlfn.XLOOKUP(EHR[[#This Row],[LOINC Code]],'02_Lab_Results'!D:D,'02_Lab_Results'!J:J,,0) -> Normal | Z53: {=_xlfn.XLOOKUP(1,(B53=B$2:B$500)*(V$2:V$500="4548-4"),Y$2:Y$500,"Not Tested")} -> Not Tested | AA53: 165 | AB53: 113 | AC53: =IF(AND(EHR[[#This Row],[BP_Systolic_mmHg]]<140,EHR[[#This Row],[BP_Diastolic_mmHg]]<90),"Controlled",IF(OR(EHR[[#This Row],[BP_Systolic_mmHg]]="Not Recorded",EHR[[#This Row],[BP_Diastolic_mmHg]]="Not Recorded"),"No Reading","Uncontrolled")) -> Uncontrolled | AD53: =_xlfn.CONCAT(EHR[[#This Row],[BP_Systolic_mmHg]],"/",EHR[[#This Row],[BP_Diastolic_mmHg]]) -> 165/113 | AE53: 118 | AF53: 24 | AG53: 38.7 | AH53: Invalid | AI53: =IF(EHR[[#This Row],[BMI_kg_m2]]>=30,"Obese","Non-Obese") -> Obese | AJ53: 97 | AK53: 8480-6 | AL53: 8462-4 | AM53: 8867-4 | AN53: 39156-5 | AO53: 59408-5
A54: PID-0018 | B54: ENC-0018-01 | C54: 45352 | D54: Outpatient | E54: Community Health Centre | F54: Mombasa | G54: Dr. L. Patel | H54: 25052 | I54: 57 | J54: {=_xlfn.IFS(EHR[[#This Row],[Age_at_Encounter]]<18,"Adolescent",AND(EHR[[#This Row],[Age_at_Encounter]]>=18,EHR[[#This Row],[Age_at_Encounter]]<=34),"Young Adults",AND(EHR[[#This Row],[Age_at_Encounter]]>=35,EHR[[#This Row],[Age_at_Encounter]]<=49),"Middle Age",AND(EHR[[#This Row],[Age_at_Encounter]]>=50,EHR[[#This Row],[Age_at_Encounter]]<=64),"Late middle Age",EHR[[#This Row],[Age_at_Encounter]]>=65,"Senior Adults")} -> Late middle Age | K54: Male | L54: Middle Eastern | M54: National Insurance | N54: Never | O54: Regular | P54: GC43 | Q54: =_xlfn.XLOOKUP(EHR[[#This Row],[Primary_ICD11_Code]],'03_ICD11_Reference'!A:A,'03_ICD11_Reference'!D:D,,0) -> Mental health | R54: Major depressive disorder | S54: Yes | T54: Dapagliflozin 10mg OD; Omeprazole 20mg OD; Levothyroxine 50mcg OD | U54: 3 | V54: =_xlfn.XLOOKUP(EHR[[#This Row],[Encounter_ID]],'02_Lab_Results'!B:B,'02_Lab_Results'!D:D,,0) -> 2823-3 | W54: =_xlfn.XLOOKUP(EHR[[#This Row],[LOINC Code]],'04_LOINC_Reference'!A:A,'04_LOINC_Reference'!F:F,,0) -> Biochemistry | X54: =_xlfn.XLOOKUP(EHR[[#This Row],[LOINC Code]],'02_Lab_Results'!D:D,'02_Lab_Results'!E:E,,0) -> Serum potassium | Y54: =_xlfn.XLOOKUP(EHR[[#This Row],[LOINC Code]],'02_Lab_Results'!D:D,'02_Lab_Results'!J:J,,0) -> Normal | Z54: {=_xlfn.XLOOKUP(1,(B54=B$2:B$500)*(V$2:V$500="4548-4"),Y$2:Y$500,"Not Tested")} -> Not Tested | AA54: 111 | AB54: 63 | AC54: =IF(AND(EHR[[#This Row],[BP_Systolic_mmHg]]<140,EHR[[#This Row],[BP_Diastolic_mmHg]]<90),"Controlled",IF(OR(EHR[[#This Row],[BP_Systolic_mmHg]]="Not Recorded",EHR[[#This Row],[BP_Diastolic_mmHg]]="Not Recorded"),"No Reading","Uncontrolled")) -> Controlled | AD54: =_xlfn.CONCAT(EHR[[#This Row],[BP_Systolic_mmHg]],"/",EHR[[#This Row],[BP_Diastolic_mmHg]]) -> 111/63 | AE54: 90 | AF54: 28 | AG54: 37.7 | AH54: 43.5 | AI54: =IF(EHR[[#This Row],[BMI_kg_m2]]>=30,"Obese","Non-Obese") -> Obese | AJ54: 98 | AK54: 8480-6 | AL54: 8462-4 | AM54: 8867-4 | AN54: 39156-5 | AO54: 59408-5
A55: PID-0018 | B55: ENC-0018-02 | C55: 45158 | D55: Follow-up | E55: Central District Hospital | F55: Nyeri | G55: Dr. F. Hassan | H55: 25052 | I55: 57 | J55: {=_xlfn.IFS(EHR[[#This Row],[Age_at_Encounter]]<18,"Adolescent",AND(EHR[[#This Row],[Age_at_Encounter]]>=18,EHR[[#This Row],[Age_at_Encounter]]<=34),"Young Adults",AND(EHR[[#This Row],[Age_at_Encounter]]>=35,EHR[[#This Row],[Age_at_Encounter]]<=49),"Middle Age",AND(EHR[[#This Row],[Age_at_Encounter]]>=50,EHR[[#This Row],[Age_at_Encounter]]<=64),"Late middle Age",EHR[[#This Row],[Age_at_Encounter]]>=65,"Senior Adults")} -> Late middle Age | K55: Male | L55: Hispanic/Latino | M55: National Insurance | N55: Never | O55: Regular | P55: GC43 | Q55: =_xlfn.XLOOKUP(EHR[[#This Row],[Primary_ICD11_Code]],'03_ICD11_Reference'!A:A,'03_ICD11_Reference'!D:D,,0) -> Mental health | R55: Major depressive disorder | S55: Yes | T55: Bisoprolol 5mg OD | U55: 1 | V55: =_xlfn.XLOOKUP(EHR[[#This Row],[Encounter_ID]],'02_Lab_Results'!B:B,'02_Lab_Results'!D:D,,0) -> 2777-1 | W55: =_xlfn.XLOOKUP(EHR[[#This Row],[LOINC Code]],'04_LOINC_Reference'!A:A,'04_LOINC_Reference'!F:F,,0) -> Biochemistry | X55: =_xlfn.XLOOKUP(EHR[[#This Row],[LOINC Code]],'02_Lab_Results'!D:D,'02_Lab_Results'!E:E,,0) -> Serum phosphate | Y55: =_xlfn.XLOOKUP(EHR[[#This Row],[LOINC Code]],'02_Lab_Results'!D:D,'02_Lab_Results'!J:J,,0) -> Normal | Z55: {=_xlfn.XLOOKUP(1,(B55=B$2:B$500)*(V$2:V$500="4548-4"),Y$2:Y$500,"Not Tested")} -> Not Tested | AA55: 172 | AB55: 98 | AC55: =IF(AND(EHR[[#This Row],[BP_Systolic_mmHg]]<140,EHR[[#This Row],[BP_Diastolic_mmHg]]<90),"Controlled",IF(OR(EHR[[#This Row],[BP_Systolic_mmHg]]="Not Recorded",EHR[[#This Row],[BP_Diastolic_mmHg]]="Not Recorded"),"No Reading","Uncontrolled")) -> Uncontrolled | AD55: =_xlfn.CONCAT(EHR[[#This Row],[BP_Systolic_mmHg]],"/",EHR[[#This Row],[BP_Diastolic_mmHg]]) -> 172/98 | AE55: 123 | AF55: 27 | AG55: 38.6 | AH55: 27.9 | AI55: =IF(EHR[[#This Row],[BMI_kg_m2]]>=30,"Obese","Non-Obese") -> Non-Obese | AJ55: 97 | AK55: 8480-6 | AL55: 8462-4 | AM55: 8867-4 | AN55: 39156-5 | AO55: 59408-5
A56: PID-0018 | B56: ENC-0018-03 | C56: 45693 | D56: Telehealth | E56: Metro Emergency Unit | F56: Malindi | G56: Dr. S. Okonkwo | H56: 25052 | I56: 57 | J56: {=_xlfn.IFS(EHR[[#This Row],[Age_at_Encounter]]<18,"Adolescent",AND(EHR[[#This Row],[Age_at_Encounter]]>=18,EHR[[#This Row],[Age_at_Encounter]]<=34),"Young Adults",AND(EHR[[#This Row],[Age_at_Encounter]]>=35,EHR[[#This Row],[Age_at_Encounter]]<=49),"Middle Age",AND(EHR[[#This Row],[Age_at_Encounter]]>=50,EHR[[#This Row],[Age_at_Encounter]]<=64),"Late middle Age",EHR[[#This Row],[Age_at_Encounter]]>=65,"Senior Adults")} -> Late middle Age | K56: Male | L56: White European | M56: National Insurance | N56: Never | O56: Regular | P56: GC43 | Q56: =_xlfn.XLOOKUP(EHR[[#This Row],[Primary_ICD11_Code]],'03_ICD11_Reference'!A:A,'03_ICD11_Reference'!D:D,,0) -> Mental health | R56: Major depressive disorder | S56: Yes | T56: None; Aspirin 75mg OD; Metformin 1g BD | U56: 3 | V56: =_xlfn.XLOOKUP(EHR[[#This Row],[Encounter_ID]],'02_Lab_Results'!B:B,'02_Lab_Results'!D:D,,0) -> 2093-3 | W56: =_xlfn.XLOOKUP(EHR[[#This Row],[LOINC Code]],'04_LOINC_Reference'!A:A,'04_LOINC_Reference'!F:F,,0) -> Biochemistry | X56: =_xlfn.XLOOKUP(EHR[[#This Row],[LOINC Code]],'02_Lab_Results'!D:D,'02_Lab_Results'!E:E,,0) -> Total cholesterol | Y56: =_xlfn.XLOOKUP(EHR[[#This Row],[LOINC Code]],'02_Lab_Results'!D:D,'02_Lab_Results'!J:J,,0) -> Normal | Z56: {=_xlfn.XLOOKUP(1,(B56=B$2:B$500)*(V$2:V$500="4548-4"),Y$2:Y$500,"Not Tested")} -> Not Tested | AA56: 156 | AB56: 90 | AC56: =IF(AND(EHR[[#This Row],[BP_Systolic_mmHg]]<140,EHR[[#This Row],[BP_Diastolic_mmHg]]<90),"Controlled",IF(OR(EHR[[#This Row],[BP_Systolic_mmHg]]="Not Recorded",EHR[[#This Row],[BP_Diastolic_mmHg]]="Not Recorded"),"No Reading","Uncontrolled")) -> Uncontrolled | AD56: =_xlfn.CONCAT(EHR[[#This Row],[BP_Systolic_mmHg]],"/",EHR[[#This Row],[BP_Diastolic_mmHg]]) -> 156/90 | AE56: 112 | AF56: 27 | AG56: 36.3 | AH56: 24.2 | AI56: =IF(EHR[[#This Row],[BMI_kg_m2]]>=30,"Obese","Non-Obese") -> Non-Obese | AJ56: 87 | AK56: 8480-6 | AL56: 8462-4 | AM56: 8867-4 | AN56: 39156-5 | AO56: 59408-5
A57: PID-0018 | B57: ENC-0018-04 | C57: 44973 | D57: Telehealth | E57: Riverside Specialist Centre | F57: Malindi | G57: Dr. Y. Kim | H57: 25052 | I57: 57 | J57: {=_xlfn.IFS(EHR[[#This Row],[Age_at_Encounter]]<18,"Adolescent",AND(EHR[[#This Row],[Age_at_Encounter]]>=18,EHR[[#This Row],[Age_at_Encounter]]<=34),"Young Adults",AND(EHR[[#This Row],[Age_at_Encounter]]>=35,EHR[[#This Row],[Age_at_Encounter]]<=49),"Middle Age",AND(EHR[[#This Row],[Age_at_Encounter]]>=50,EHR[[#This Row],[Age_at_Encounter]]<=64),"Late middle Age",EHR[[#This Row],[Age_at_Encounter]]>=65,"Senior Adults")} -> Late middle Age | K57: Male | L57: Black African | M57: National Insurance | N57: Never | O57: Regular | P57: GC43 | Q57: =_xlfn.XLOOKUP(EHR[[#This Row],[Primary_ICD11_Code]],'03_ICD11_Reference'!A:A,'03_ICD11_Reference'!D:D,,0) -> Mental health | R57: Major depressive disorder | S57: Yes | T57: Clopidogrel 75mg OD; Salbutamol 100mcg PRN; Ramipril 5mg OD; Atorvastatin 40mg ON | U57: 4 | V57: =_xlfn.XLOOKUP(EHR[[#This Row],[Encounter_ID]],'02_Lab_Results'!B:B,'02_Lab_Results'!D:D,,0) -> 2085-9 | W57: =_xlfn.XLOOKUP(EHR[[#This Row],[LOINC Code]],'04_LOINC_Reference'!A:A,'04_LOINC_Reference'!F:F,,0) -> Biochemistry | X57: =_xlfn.XLOOKUP(EHR[[#This Row],[LOINC Code]],'02_Lab_Results'!D:D,'02_Lab_Results'!E:E,,0) -> HDL cholesterol | Y57: =_xlfn.XLOOKUP(EHR[[#This Row],[LOINC Code]],'02_Lab_Results'!D:D,'02_Lab_Results'!J:J,,0) -> Normal | Z57: {=_xlfn.XLOOKUP(1,(B57=B$2:B$500)*(V$2:V$500="4548-4"),Y$2:Y$500,"Not Tested")} -> Not Tested | AA57: 180 | AB57: 73 | AC57: =IF(AND(EHR[[#This Row],[BP_Systolic_mmHg]]<140,EHR[[#This Row],[BP_Diastolic_mmHg]]<90),"Controlled",IF(OR(EHR[[#This Row],[BP_Systolic_mmHg]]="Not Recorded",EHR[[#This Row],[BP_Diastolic_mmHg]]="Not Recorded"),"No Reading","Uncontrolled")) -> Uncontrolled | AD57: =_xlfn.CONCAT(EHR[[#This Row],[BP_Systolic_mmHg]],"/",EHR[[#This Row],[BP_Diastolic_mmHg]]) -> 180/73 | AE57: 87 | AF57: 14 | AG57: 38.8 | AH57: 21.4 | AI57: =IF(EHR[[#This Row],[BMI_kg_m2]]>=30,"Obese","Non-Obese") -> Non-Obese | AJ57: 93 | AK57: 8480-6 | AL57: 8462-4 | AM57: 8867-4 | AN57: 39156-5 | AO57: 59408-5
A58: PID-0018 | B58: ENC-0018-05 | C58: 45633 | D58: Emergency | E58: Central District Hospital | F58: Nyeri | G58: Dr. S. Okonkwo | H58: 25052 | I58: 57 | J58: {=_xlfn.IFS(EHR[[#This Row],[Age_at_Encounter]]<18,"Adolescent",AND(EHR[[#This Row],[Age_at_Encounter]]>=18,EHR[[#This Row],[Age_at_Encounter]]<=34),"Young Adults",AND(EHR[[#This Row],[Age_at_Encounter]]>=35,EHR[[#This Row],[Age_at_Encounter]]<=49),"Middle Age",AND(EHR[[#This Row],[Age_at_Encounter]]>=50,EHR[[#This Row],[Age_at_Encounter]]<=64),"Late middle Age",EHR[[#This Row],[Age_at_Encounter]]>=65,"Senior Adults")} -> Late middle Age | K58: Male | L58: Hispanic/Latino | M58: National Insurance | N58: Never | O58: Regular | P58: GC43 | Q58: =_xlfn.XLOOKUP(EHR[[#This Row],[Primary_ICD11_Code]],'03_ICD11_Reference'!A:A,'03_ICD11_Reference'!D:D,,0) -> Mental health | R58: Major depressive disorder | S58: Yes | T58: Lisinopril 10mg OD; Amlodipine 10mg OD; Bisoprolol 5mg OD | U58: 3 | V58: =_xlfn.XLOOKUP(EHR[[#This Row],[Encounter_ID]],'02_Lab_Results'!B:B,'02_Lab_Results'!D:D,,0) -> 17861-6 | W58: =_xlfn.XLOOKUP(EHR[[#This Row],[LOINC Code]],'04_LOINC_Reference'!A:A,'04_LOINC_Reference'!F:F,,0) -> Biochemistry | X58: =_xlfn.XLOOKUP(EHR[[#This Row],[LOINC Code]],'02_Lab_Results'!D:D,'02_Lab_Results'!E:E,,0) -> Serum calcium | Y58: =_xlfn.XLOOKUP(EHR[[#This Row],[LOINC Code]],'02_Lab_Results'!D:D,'02_Lab_Results'!J:J,,0) -> High | Z58: {=_xlfn.XLOOKUP(1,(B58=B$2:B$500)*(V$2:V$500="4548-4"),Y$2:Y$500,"Not Tested")} -> Not Tested | AA58: 128 | AB58: 82 | AC58: =IF(AND(EHR[[#This Row],[BP_Systolic_mmHg]]<140,EHR[[#This Row],[BP_Diastolic_mmHg]]<90),"Controlled",IF(OR(EHR[[#This Row],[BP_Systolic_mmHg]]="Not Recorded",EHR[[#This Row],[BP_Diastolic_mmHg]]="Not Recorded"),"No Reading","Uncontrolled")) -> Controlled | AD58: =_xlfn.CONCAT(EHR[[#This Row],[BP_Systolic_mmHg]],"/",EHR[[#This Row],[BP_Diastolic_mmHg]]) -> 128/82 | AE58: 121 | AF58: 26 | AG58: 36.3 | AH58: 37 | AI58: =IF(EHR[[#This Row],[BMI_kg_m2]]>=30,"Obese","Non-Obese") -> Obese | AJ58: 94 | AK58: 8480-6 | AL58: 8462-4 | AM58: 8867-4 | AN58: 39156-5 | AO58: 59408-5
A59: PID-0018 | B59: ENC-0018-06 | C59: 45144 | D59: Emergency | E59: Riverside Specialist Centre | F59: Nakuru | G59: Dr. R. Mendes | H59: 25052 | I59: 57 | J59: {=_xlfn.IFS(EHR[[#This Row],[Age_at_Encounter]]<18,"Adolescent",AND(EHR[[#This Row],[Age_at_Encounter]]>=18,EHR[[#This Row],[Age_at_Encounter]]<=34),"Young Adults",AND(EHR[[#This Row],[Age_at_Encounter]]>=35,EHR[[#This Row],[Age_at_Encounter]]<=49),"Middle Age",AND(EHR[[#This Row],[Age_at_Encounter]]>=50,EHR[[#This Row],[Age_at_Encounter]]<=64),"Late middle Age",EHR[[#This Row],[Age_at_Encounter]]>=65,"Senior Adults")} -> Late middle Age | K59: Male | L59: South Asian | M59: National Insurance | N59: Never | O59: Regular | P59: GC43 | Q59: =_xlfn.XLOOKUP(EHR[[#This Row],[Primary_ICD11_Code]],'03_ICD11_Reference'!A:A,'03_ICD11_Reference'!D:D,,0) -> Mental health | R59: Major depressive disorder | S59: Yes | T59: Prednisolone 5mg OD | U59: 1 | V59: =_xlfn.XLOOKUP(EHR[[#This Row],[Encounter_ID]],'02_Lab_Results'!B:B,'02_Lab_Results'!D:D,,0) -> 4548-4 | W59: =_xlfn.XLOOKUP(EHR[[#This Row],[LOINC Code]],'04_LOINC_Reference'!A:A,'04_LOINC_Reference'!F:F,,0) -> Biochemistry | X59: =_xlfn.XLOOKUP(EHR[[#This Row],[LOINC Code]],'02_Lab_Results'!D:D,'02_Lab_Results'!E:E,,0) -> HbA1c | Y59: =_xlfn.XLOOKUP(EHR[[#This Row],[LOINC Code]],'02_Lab_Results'!D:D,'02_Lab_Results'!J:J,,0) -> High | Z59: {=_xlfn.XLOOKUP(1,(B59=B$2:B$500)*(V$2:V$500="4548-4"),Y$2:Y$500,"Not Tested")} -> High | AA59: 153 | AB59: 91 | AC59: =IF(AND(EHR[[#This Row],[BP_Systolic_mmHg]]<140,EHR[[#This Row],[BP_Diastolic_mmHg]]<90),"Controlled",IF(OR(EHR[[#This Row],[BP_Systolic_mmHg]]="Not Recorded",EHR[[#This Row],[BP_Diastolic_mmHg]]="Not Recorded"),"No Reading","Uncontrolled")) -> Uncontrolled | AD59: =_xlfn.CONCAT(EHR[[#This Row],[BP_Systolic_mmHg]],"/",EHR[[#This Row],[BP_Diastolic_mmHg]]) -> 153/91 | AE59: 52 | AF59: 25 | AG59: 36.8 | AH59: 21.1 | AI59: =IF(EHR[[#This Row],[BMI_kg_m2]]>=30,"Obese","Non-Obese") -> Non-Obese | AJ59: 94 | AK59: 8480-6 | AL59: 8462-4 | AM59: 8867-4 | AN59: 39156-5 | AO59: 59408-5
A60: PID-0019 | B60: ENC-0019-01 | C60: 44953 | D60: Telehealth | E60: Metro Emergency Unit | F60: Garissa | G60: Dr. S. Okonkwo | H60: 39230 | I60: 18 | J60: {=_xlfn.IFS(EHR[[#This Row],[Age_at_Encounter]]<18,"Adolescent",AND(EHR[[#This Row],[Age_at_Encounter]]>=18,EHR[[#This Row],[Age_at_Encounter]]<=34),"Young Adults",AND(EHR[[#This Row],[Age_at_Encounter]]>=35,EHR[[#This Row],[Age_at_Encounter]]<=49),"Middle Age",AND(EHR[[#This Row],[Age_at_Encounter]]>=50,EHR[[#This Row],[Age_at_Encounter]]<=64),"Late middle Age",EHR[[#This Row],[Age_at_Encounter]]>=65,"Senior Adults")} -> Young Adults | K60: Male | L60: East Asian | M60: Private | N60: Ex-smoker | O60: None | P60: JA00 | Q60: =_xlfn.XLOOKUP(EHR[[#This Row],[Primary_ICD11_Code]],'03_ICD11_Reference'!A:A,'03_ICD11_Reference'!D:D,,0) -> Infectious | R60: Community-acquired pneumonia | S60: No | T60: Empagliflozin 10mg OD; Atorvastatin 40mg ON; Metformin 1g BD; Dapagliflozin 10mg OD | U60: 4 | V60: =_xlfn.XLOOKUP(EHR[[#This Row],[Encounter_ID]],'02_Lab_Results'!B:B,'02_Lab_Results'!D:D,,0) -> 2093-3 | W60: =_xlfn.XLOOKUP(EHR[[#This Row],[LOINC Code]],'04_LOINC_Reference'!A:A,'04_LOINC_Reference'!F:F,,0) -> Biochemistry | X60: =_xlfn.XLOOKUP(EHR[[#This Row],[LOINC Code]],'02_Lab_Results'!D:D,'02_Lab_Results'!E:E,,0) -> Total cholesterol | Y60: =_xlfn.XLOOKUP(EHR[[#This Row],[LOINC Code]],'02_Lab_Results'!D:D,'02_Lab_Results'!J:J,,0) -> Normal | Z60: {=_xlfn.XLOOKUP(1,(B60=B$2:B$500)*(V$2:V$500="4548-4"),Y$2:Y$500,"Not Tested")} -> Not Tested | AA60: 107 | AB60: 76 | AC60: =IF(AND(EHR[[#This Row],[BP_Systolic_mmHg]]<140,EHR[[#This Row],[BP_Diastolic_mmHg]]<90),"Controlled",IF(OR(EHR[[#This Row],[BP_Systolic_mmHg]]="Not Recorded",EHR[[#This Row],[BP_Diastolic_mmHg]]="Not Recorded"),"No Reading","Uncontrolled")) -> Controlled | AD60: =_xlfn.CONCAT(EHR[[#This Row],[BP_Systolic_mmHg]],"/",EHR[[#This Row],[BP_Diastolic_mmHg]]) -> 107/76 | AE60: 109 | AF60: 21 | AG60: 36.1 | AH60: 25.1 | AI60: =IF(EHR[[#This Row],[BMI_kg_m2]]>=30,"Obese","Non-Obese") -> Non-Obese | AJ60: 89 | AK60: 8480-6 | AL60: 8462-4 | AM60: 8867-4 | AN60: 39156-5 | AO60: 59408-5
A61: PID-0020 | B61: ENC-0020-01 | C61: 45338 | D61: Follow-up | E61: Metro Emergency Unit | F61: Malindi | G61: Dr. Y. Kim | H61: 37616 | I61: 23 | J61: {=_xlfn.IFS(EHR[[#This Row],[Age_at_Encounter]]<18,"Adolescent",AND(EHR[[#This Row],[Age_at_Encounter]]>=18,EHR[[#This Row],[Age_at_Encounter]]<=34),"Young Adults",AND(EHR[[#This Row],[Age_at_Encounter]]>=35,EHR[[#This Row],[Age_at_Encounter]]<=49),"Middle Age",AND(EHR[[#This Row],[Age_at_Encounter]]>=50,EHR[[#This Row],[Age_at_Encounter]]<=64),"Late middle Age",EHR[[#This Row],[Age_at_Encounter]]>=65,"Senior Adults")} -> Young Adults | K61: Male | L61: East Asian | M61: Employer | N61: Never | O61: None | P61: BA80,5A11,5A00 | Q61: =_xlfn.XLOOKUP(EHR[[#This Row],[Primary_ICD11_Code]],'03_ICD11_Reference'!A:A,'03_ICD11_Reference'!D:D,,0) -> Multi-system | R61: Metabolic syndrome | S61: Yes | T61: Bisoprolol 5mg OD; Clopidogrel 75mg OD | U61: 2 | V61: =_xlfn.XLOOKUP(EHR[[#This Row],[Encounter_ID]],'02_Lab_Results'!B:B,'02_Lab_Results'!D:D,,0) -> 17861-6 | W61: =_xlfn.XLOOKUP(EHR[[#This Row],[LOINC Code]],'04_LOINC_Reference'!A:A,'04_LOINC_Reference'!F:F,,0) -> Biochemistry | X61: =_xlfn.XLOOKUP(EHR[[#This Row],[LOINC Code]],'02_Lab_Results'!D:D,'02_Lab_Results'!E:E,,0) -> Serum calcium | Y61: =_xlfn.XLOOKUP(EHR[[#This Row],[LOINC Code]],'02_Lab_Results'!D:D,'02_Lab_Results'!J:J,,0) -> High | Z61: {=_xlfn.XLOOKUP(1,(B61=B$2:B$500)*(V$2:V$500="4548-4"),Y$2:Y$500,"Not Tested")} -> Not Tested | AA61: 133 | AB61: 61 | AC61: =IF(AND(EHR[[#This Row],[BP_Systolic_mmHg]]<140,EHR[[#This Row],[BP_Diastolic_mmHg]]<90),"Controlled",IF(OR(EHR[[#This Row],[BP_Systolic_mmHg]]="Not Recorded",EHR[[#This Row],[BP_Diastolic_mmHg]]="Not Recorded"),"No Reading","Uncontrolled")) -> Controlled | AD61: =_xlfn.CONCAT(EHR[[#This Row],[BP_Systolic_mmHg]],"/",EHR[[#This Row],[BP_Diastolic_mmHg]]) -> 133/61 | AE61: 103 | AF61: 19 | AG61: 38.9 | AH61: 26.7 | AI61: =IF(EHR[[#This Row],[BMI_kg_m2]]>=30,"Obese","Non-Obese") -> Non-Obese | AJ61: 89 | AK61: 8480-6 | AL61: 8462-4 | AM61: 8867-4 | AN61: 39156-5 | AO61: 59408-5
A62: PID-0020 | B62: ENC-0020-02 | C62: 45444 | D62: Emergency | E62: Community Health Centre | F62: Thika | G62: NP J. Nakamura | H62: 37616 | I62: 23 | J62: {=_xlfn.IFS(EHR[[#This Row],[Age_at_Encounter]]<18,"Adolescent",AND(EHR[[#This Row],[Age_at_Encounter]]>=18,EHR[[#This Row],[Age_at_Encounter]]<=34),"Young Adults",AND(EHR[[#This Row],[Age_at_Encounter]]>=35,EHR[[#This Row],[Age_at_Encounter]]<=49),"Middle Age",AND(EHR[[#This Row],[Age_at_Encounter]]>=50,EHR[[#This Row],[Age_at_Encounter]]<=64),"Late middle Age",EHR[[#This Row],[Age_at_Encounter]]>=65,"Senior Adults")} -> Young Adults | K62: Male | L62: East Asian | M62: Employer | N62: Never | O62: None | P62: BA80,5A11,5A00 | Q62: =_xlfn.XLOOKUP(EHR[[#This Row],[Primary_ICD11_Code]],'03_ICD11_Reference'!A:A,'03_ICD11_Reference'!D:D,,0) -> Multi-system | R62: Metabolic syndrome | S62: Yes | T62: Ramipril 5mg OD; Metoprolol 50mg BD | U62: 2 | V62: =_xlfn.XLOOKUP(EHR[[#This Row],[Encounter_ID]],'02_Lab_Results'!B:B,'02_Lab_Results'!D:D,,0) -> 789-8 | W62: =_xlfn.XLOOKUP(EHR[[#This Row],[LOINC Code]],'04_LOINC_Reference'!A:A,'04_LOINC_Reference'!F:F,,0) -> Biochemistry | X62: =_xlfn.XLOOKUP(EHR[[#This Row],[LOINC Code]],'02_Lab_Results'!D:D,'02_Lab_Results'!E:E,,0) -> RBC count | Y62: =_xlfn.XLOOKUP(EHR[[#This Row],[LOINC Code]],'02_Lab_Results'!D:D,'02_Lab_Results'!J:J,,0) -> High | Z62: {=_xlfn.XLOOKUP(1,(B62=B$2:B$500)*(V$2:V$500="4548-4"),Y$2:Y$500,"Not Tested")} -> Not Tested | AA62: 149 | AB62: 61 | AC62: =IF(AND(EHR[[#This Row],[BP_Systolic_mmHg]]<140,EHR[[#This Row],[BP_Diastolic_mmHg]]<90),"Controlled",IF(OR(EHR[[#This Row],[BP_Systolic_mmHg]]="Not Recorded",EHR[[#This Row],[BP_Diastolic_mmHg]]="Not Recorded"),"No Reading","Uncontrolled")) -> Uncontrolled | AD62: =_xlfn.CONCAT(EHR[[#This Row],[BP_Systolic_mmHg]],"/",EHR[[#This Row],[BP_Diastolic_mmHg]]) -> 149/61 | AE62: 103 | AF62: 26 | AG62: 38.1 | AH62: 39.4 | AI62: =IF(EHR[[#This Row],[BMI_kg_m2]]>=30,"Obese","Non-Obese") -> Obese | AJ62: 96 | AK62: 8480-6 | AL62: 8462-4 | AM62: 8867-4 | AN62: 39156-5 | AO62: 59408-5
A63: PID-0020 | B63: ENC-0020-03 | C63: 45352 | D63: Outpatient | E63: Community Health Centre | F63: Mombasa | G63: Dr. F. Hassan | H63: 37616 | I63: 23 | J63: {=_xlfn.IFS(EHR[[#This Row],[Age_at_Encounter]]<18,"Adolescent",AND(EHR[[#This Row],[Age_at_Encounter]]>=18,EHR[[#This Row],[Age_at_Encounter]]<=34),"Young Adults",AND(EHR[[#This Row],[Age_at_Encounter]]>=35,EHR[[#This Row],[Age_at_Encounter]]<=49),"Middle Age",AND(EHR[[#This Row],[Age_at_Encounter]]>=50,EHR[[#This Row],[Age_at_Encounter]]<=64),"Late middle Age",EHR[[#This Row],[Age_at_Encounter]]>=65,"Senior Adults")} -> Young Adults | K63: Male | L63: Middle Eastern | M63: Employer | N63: Never | O63: None | P63: BA80,5A11,5A00 | Q63: =_xlfn.XLOOKUP(EHR[[#This Row],[Primary_ICD11_Code]],'03_ICD11_Reference'!A:A,'03_ICD11_Reference'!D:D,,0) -> Multi-system | R63: Metabolic syndrome | S63: Yes | T63: Metformin 1g BD | U63: 1 | V63: =_xlfn.XLOOKUP(EHR[[#This Row],[Encounter_ID]],'02_Lab_Results'!B:B,'02_Lab_Results'!D:D,,0) -> 718-7 | W63: =_xlfn.XLOOKUP(EHR[[#This Row],[LOINC Code]],'04_LOINC_Reference'!A:A,'04_LOINC_Reference'!F:F,,0) -> Biochemistry | X63: =_xlfn.XLOOKUP(EHR[[#This Row],[LOINC Code]],'02_Lab_Results'!D:D,'02_Lab_Results'!E:E,,0) -> Haemoglobin | Y63: =_xlfn.XLOOKUP(EHR[[#This Row],[LOINC Code]],'02_Lab_Results'!D:D,'02_Lab_Results'!J:J,,0) -> Normal | Z63: {=_xlfn.XLOOKUP(1,(B63=B$2:B$500)*(V$2:V$500="4548-4"),Y$2:Y$500,"Not Tested")} -> Not Tested | AA63: 161 | AB63: 74 | AC63: =IF(AND(EHR[[#This Row],[BP_Systolic_mmHg]]<140,EHR[[#This Row],[BP_Diastolic_mmHg]]<90),"Controlled",IF(OR(EHR[[#This Row],[BP_Systolic_mmHg]]="Not Recorded",EHR[[#This Row],[BP_Diastolic_mmHg]]="Not Recorded"),"No Reading","Uncontrolled")) -> Uncontrolled | AD63: =_xlfn.CONCAT(EHR[[#This Row],[BP_Systolic_mmHg]],"/",EHR[[#This Row],[BP_Diastolic_mmHg]]) -> 161/74 | AE63: 73 | AF63: 16 | AG63: 39.1 | AH63: 37.1 | AI63: =IF(EHR[[#This Row],[BMI_kg_m2]]>=30,"Obese","Non-Obese") -> Obese | AJ63: 93 | AK63: 8480-6 | AL63: 8462-4 | AM63: 8867-4 | AN63: 39156-5 | AO63: 59408-5
A64: PID-0021 | B64: ENC-0021-01 | C64: 45695 | D64: Outpatient | E64: Metro Emergency Unit | F64: Garissa | G64: Dr. F. Hassan | H64: 36817 | I64: 25 | J64: {=_xlfn.IFS(EHR[[#This Row],[Age_at_Encounter]]<18,"Adolescent",AND(EHR[[#This Row],[Age_at_Encounter]]>=18,EHR[[#This Row],[Age_at_Encounter]]<=34),"Young Adults",AND(EHR[[#This Row],[Age_at_Encounter]]>=35,EHR[[#This Row],[Age_at_Encounter]]<=49),"Middle Age",AND(EHR[[#This Row],[Age_at_Encounter]]>=50,EHR[[#This Row],[Age_at_Encounter]]<=64),"Late middle Age",EHR[[#This Row],[Age_at_Encounter]]>=65,"Senior Adults")} -> Young Adults | K64: Male | L64: Black African | M64: None | N64: Unknown | O64: Regular | P64: 5A10 | Q64: =_xlfn.XLOOKUP(EHR[[#This Row],[Primary_ICD11_Code]],'03_ICD11_Reference'!A:A,'03_ICD11_Reference'!D:D,,0) -> Endocrine | R64: Type 1 diabetes mellitus | S64: Yes | T64: Dapagliflozin 10mg OD; Aspirin 75mg OD | U64: 2 | V64: =_xlfn.XLOOKUP(EHR[[#This Row],[Encounter_ID]],'02_Lab_Results'!B:B,'02_Lab_Results'!D:D,,0) -> 2951-2 | W64: =_xlfn.XLOOKUP(EHR[[#This Row],[LOINC Code]],'04_LOINC_Reference'!A:A,'04_LOINC_Reference'!F:F,,0) -> Biochemistry | X64: =_xlfn.XLOOKUP(EHR[[#This Row],[LOINC Code]],'02_Lab_Results'!D:D,'02_Lab_Results'!E:E,,0) -> Serum sodium | Y64: =_xlfn.XLOOKUP(EHR[[#This Row],[LOINC Code]],'02_Lab_Results'!D:D,'02_Lab_Results'!J:J,,0) -> Low | Z64: {=_xlfn.XLOOKUP(1,(B64=B$2:B$500)*(V$2:V$500="4548-4"),Y$2:Y$500,"Not Tested")} -> Not Tested | AA64: 133 | AB64: 110 | AC64: =IF(AND(EHR[[#This Row],[BP_Systolic_mmHg]]<140,EHR[[#This Row],[BP_Diastolic_mmHg]]<90),"Controlled",IF(OR(EHR[[#This Row],[BP_Systolic_mmHg]]="Not Recorded",EHR[[#This Row],[BP_Diastolic_mmHg]]="Not Recorded"),"No Reading","Uncontrolled")) -> Uncontrolled | AD64: =_xlfn.CONCAT(EHR[[#This Row],[BP_Systolic_mmHg]],"/",EHR[[#This Row],[BP_Diastolic_mmHg]]) -> 133/110 | AE64: 54 | AF64: 17 | AG64: 37 | AH64: 20.5 | AI64: =IF(EHR[[#This Row],[BMI_kg_m2]]>=30,"Obese","Non-Obese") -> Non-Obese | AJ64: 94 | AK64: 8480-6 | AL64: 8462-4 | AM64: 8867-4 | AN64: 39156-5 | AO64: 59408-5
A65: PID-0021 | B65: ENC-0021-02 | C65: 45707 | D65: Inpatient | E65: Central District Hospital | F65: Kisumu | G65: Dr. Y. Kim | H65: 36817 | I65: 25 | J65: {=_xlfn.IFS(EHR[[#This Row],[Age_at_Encounter]]<18,"Adolescent",AND(EHR[[#This Row],[Age_at_Encounter]]>=18,EHR[[#This Row],[Age_at_Encounter]]<=34),"Young Adults",AND(EHR[[#This Row],[Age_at_Encounter]]>=35,EHR[[#This Row],[Age_at_Encounter]]<=49),"Middle Age",AND(EHR[[#This Row],[Age_at_Encounter]]>=50,EHR[[#This Row],[Age_at_Encounter]]<=64),"Late middle Age",EHR[[#This Row],[Age_at_Encounter]]>=65,"Senior Adults")} -> Young Adults | K65: Male | L65: Hispanic/Latino | M65: None | N65: Unknown | O65: Regular | P65: 5A10 | Q65: =_xlfn.XLOOKUP(EHR[[#This Row],[Primary_ICD11_Code]],'03_ICD11_Reference'!A:A,'03_ICD11_Reference'!D:D,,0) -> Endocrine | R65: Type 1 diabetes mellitus | S65: Yes | T65: None | U65: 1 | V65: =_xlfn.XLOOKUP(EHR[[#This Row],[Encounter_ID]],'02_Lab_Results'!B:B,'02_Lab_Results'!D:D,,0) -> 6768-6 | W65: =_xlfn.XLOOKUP(EHR[[#This Row],[LOINC Code]],'04_LOINC_Reference'!A:A,'04_LOINC_Reference'!F:F,,0) -> Biochemistry | X65: =_xlfn.XLOOKUP(EHR[[#This Row],[LOINC Code]],'02_Lab_Results'!D:D,'02_Lab_Results'!E:E,,0) -> ALP | Y65: =_xlfn.XLOOKUP(EHR[[#This Row],[LOINC Code]],'02_Lab_Results'!D:D,'02_Lab_Results'!J:J,,0) -> High | Z65: {=_xlfn.XLOOKUP(1,(B65=B$2:B$500)*(V$2:V$500="4548-4"),Y$2:Y$500,"Not Tested")} -> Not Tested | AA65: 120 | AB65: 69 | AC65: =IF(AND(EHR[[#This Row],[BP_Systolic_mmHg]]<140,EHR[[#This Row],[BP_Diastolic_mmHg]]<90),"Controlled",IF(OR(EHR[[#This Row],[BP_Systolic_mmHg]]="Not Recorded",EHR[[#This Row],[BP_Diastolic_mmHg]]="Not Recorded"),"No Reading","Uncontrolled")) -> Controlled | AD65: =_xlfn.CONCAT(EHR[[#This Row],[BP_Systolic_mmHg]],"/",EHR[[#This Row],[BP_Diastolic_mmHg]]) -> 120/69 | AE65: 82 | AF65: 21 | AG65: 38.5 | AH65: 35.2 | AI65: =IF(EHR[[#This Row],[BMI_kg_m2]]>=30,"Obese","Non-Obese") -> Obese | AJ65: 96 | AK65: 8480-6 | AL65: 8462-4 | AM65: 8867-4 | AN65: 39156-5 | AO65: 59408-5
... A75: PID-0023 | B75: ENC-0023-01 | C75: 45023 | D75: Emergency | E75: Metro Emergency Unit | F75: Eldoret | G75: Dr. T. Osei | H75: 22442 | I75: 64 | J75: {=_xlfn.IFS(EHR[[#This Row],[Age_at_Encounter]]<18,"Adolescent",AND(EHR[[#This Row],[Age_at_Encounter]]>=18,EHR[[#This Row],[Age_at_Encounter]]<=34),"Young Adults",AND(EHR[[#This Row],[Age_at_Encounter]]>=35,EHR[[#This Row],[Age_at_Encounter]]<=49),"Middle Age",AND(EHR[[#This Row],[Age_at_Encounter]]>=50,EHR[[#This Row],[Age_at_Encounter]]<=64),"Late middle Age",EHR[[#This Row],[Age_at_Encounter]]>=65,"Senior Adults")} -> Late middle Age | K75: Male | L75: White European | M75: Private | N75: Never | O75: Regular | P75: FA24 | Q75: =_xlfn.XLOOKUP(EHR[[#This Row],[Primary_ICD11_Code]],'03_ICD11_Reference'!A:A,'03_ICD11_Reference'!D:D,,0) -> Gastroenterology | R75: Gastro-oesophageal reflux disease | S75: Yes | T75: Clopidogrel 75mg OD | U75: 1 | V75: =_xlfn.XLOOKUP(EHR[[#This Row],[Encounter_ID]],'02_Lab_Results'!B:B,'02_Lab_Results'!D:D,,0) -> 2777-1 | W75: =_xlfn.XLOOKUP(EHR[[#This Row],[LOINC Code]],'04_LOINC_Reference'!A:A,'04_LOINC_Reference'!F:F,,0) -> Biochemistry | X75: =_xlfn.XLOOKUP(EHR[[#This Row],[LOINC Code]],'02_Lab_Results'!D:D,'02_Lab_Results'!E:E,,0) -> Serum phosphate | Y75: =_xlfn.XLOOKUP(EHR[[#This Row],[LOINC Code]],'02_Lab_Results'!D:D,'02_Lab_Results'!J:J,,0) -> Normal | Z75: {=_xlfn.XLOOKUP(1,(B75=B$2:B$500)*(V$2:V$500="4548-4"),Y$2:Y$500,"Not Tested")} -> Not Tested | AA75: 145 | AB75: 78 | AC75: =IF(AND(EHR[[#This Row],[BP_Systolic_mmHg]]<140,EHR[[#This Row],[BP_Diastolic_mmHg]]<90),"Controlled",IF(OR(EHR[[#This Row],[BP_Systolic_mmHg]]="Not Recorded",EHR[[#This Row],[BP_Diastolic_mmHg]]="Not Recorded"),"No Reading","Uncontrolled")) -> Uncontrolled | AD75: =_xlfn.CONCAT(EHR[[#This Row],[BP_Systolic_mmHg]],"/",EHR[[#This Row],[BP_Diastolic_mmHg]]) -> 145/78 | AE75: 69 | AF75: 26 | AG75: 39.1 | AH75: 34.7 | AI75: =IF(EHR[[#This Row],[BMI_kg_m2]]>=30,"Obese","Non-Obese") -> Obese | AJ75: 89 | AK75: 8480-6 | AL75: 8462-4 | AM75: 8867-4 | AN75: 39156-5 | AO75: 59408-5
A76: PID-0023 | B76: ENC-0023-02 | C76: 45057 | D76: Emergency | E76: Eastside Clinic | F76: Thika | G76: NP J. Nakamura | H76: 22442 | I76: =(EHR[[#This Row],[Encounter_Date]]-EHR[[#This Row],[Patient_DOB]])/365 -> 61.958904 | J76: {=_xlfn.IFS(EHR[[#This Row],[Age_at_Encounter]]<18,"Adolescent",AND(EHR[[#This Row],[Age_at_Encounter]]>=18,EHR[[#This Row],[Age_at_Encounter]]<=34),"Young Adults",AND(EHR[[#This Row],[Age_at_Encounter]]>=35,EHR[[#This Row],[Age_at_Encounter]]<=49),"Middle Age",AND(EHR[[#This Row],[Age_at_Encounter]]>=50,EHR[[#This Row],[Age_at_Encounter]]<=64),"Late middle Age",EHR[[#This Row],[Age_at_Encounter]]>=65,"Senior Adults")} -> Late middle Age | K76: Male | L76: White European | M76: Private | N76: Never | O76: Regular | P76: FA24 | Q76: =_xlfn.XLOOKUP(EHR[[#This Row],[Primary_ICD11_Code]],'03_ICD11_Reference'!A:A,'03_ICD11_Reference'!D:D,,0) -> Gastroenterology | R76: Gastro-oesophageal reflux disease | S76: Yes | T76: Amlodipine 5mg OD; Insulin glargine 20u ON; Omeprazole 20mg OD | U76: 3 | V76: =_xlfn.XLOOKUP(EHR[[#This Row],[Encounter_ID]],'02_Lab_Results'!B:B,'02_Lab_Results'!D:D,,0) -> 789-8 | W76: =_xlfn.XLOOKUP(EHR[[#This Row],[LOINC Code]],'04_LOINC_Reference'!A:A,'04_LOINC_Reference'!F:F,,0) -> Biochemistry | X76: =_xlfn.XLOOKUP(EHR[[#This Row],[LOINC Code]],'02_Lab_Results'!D:D,'02_Lab_Results'!E:E,,0) -> RBC count | Y76: =_xlfn.XLOOKUP(EHR[[#This Row],[LOINC Code]],'02_Lab_Results'!D:D,'02_Lab_Results'!J:J,,0) -> High | Z76: {=_xlfn.XLOOKUP(1,(B76=B$2:B$500)*(V$2:V$500="4548-4"),Y$2:Y$500,"Not Tested")} -> Not Tested | AA76: Not Recorded | AB76: Not Recorded | AC76: =IF(AND(EHR[[#This Row],[BP_Systolic_mmHg]]<140,EHR[[#This Row],[BP_Diastolic_mmHg]]<90),"Controlled",IF(OR(EHR[[#This Row],[BP_Systolic_mmHg]]="Not Recorded",EHR[[#This Row],[BP_Diastolic_mmHg]]="Not Recorded"),"No Reading","Uncontrolled")) -> No Reading | AD76: =_xlfn.CONCAT(EHR[[#This Row],[BP_Systolic_mmHg]],"/",EHR[[#This Row],[BP_Diastolic_mmHg]]) -> Not Recorded/Not Recorded | AE76: 105 | AF76: 23 | AG76: 37.7 | AH76: Invalid | AI76: =IF(EHR[[#This Row],[BMI_kg_m2]]>=30,"Obese","Non-Obese") -> Obese | AJ76: 93 | AK76: 8480-6 | AL76: 8462-4 | AM76: 8867-4 | AN76: 39156-5 | AO76: 59408-5
A77: PID-0023 | B77: ENC-0023-03 | C77: 45716 | D77: Follow-up | E77: Eastside Clinic | F77: Nyeri | G77: Dr. A. Mwangi | H77: 22442 | I77: 64 | J77: {=_xlfn.IFS(EHR[[#This Row],[Age_at_Encounter]]<18,"Adolescent",AND(EHR[[#This Row],[Age_at_Encounter]]>=18,EHR[[#This Row],[Age_at_Encounter]]<=34),"Young Adults",AND(EHR[[#This Row],[Age_at_Encounter]]>=35,EHR[[#This Row],[Age_at_Encounter]]<=49),"Middle Age",AND(EHR[[#This Row],[Age_at_Encounter]]>=50,EHR[[#This Row],[Age_at_Encounter]]<=64),"Late middle Age",EHR[[#This Row],[Age_at_Encounter]]>=65,"Senior Adults")} -> Late middle Age | K77: Male | L77: East Asian | M77: Private | N77: Never | O77: Regular | P77: FA24 | Q77: =_xlfn.XLOOKUP(EHR[[#This Row],[Primary_ICD11_Code]],'03_ICD11_Reference'!A:A,'03_ICD11_Reference'!D:D,,0) -> Gastroenterology | R77: Gastro-oesophageal reflux disease | S77: Yes | T77: Furosemide 40mg OD; None | U77: 2 | V77: =_xlfn.XLOOKUP(EHR[[#This Row],[Encounter_ID]],'02_Lab_Results'!B:B,'02_Lab_Results'!D:D,,0) -> 6768-6 | W77: =_xlfn.XLOOKUP(EHR[[#This Row],[LOINC Code]],'04_LOINC_Reference'!A:A,'04_LOINC_Reference'!F:F,,0) -> Biochemistry | X77: =_xlfn.XLOOKUP(EHR[[#This Row],[LOINC Code]],'02_Lab_Results'!D:D,'02_Lab_Results'!E:E,,0) -> ALP | Y77: =_xlfn.XLOOKUP(EHR[[#This Row],[LOINC Code]],'02_Lab_Results'!D:D,'02_Lab_Results'!J:J,,0) -> High | Z77: {=_xlfn.XLOOKUP(1,(B77=B$2:B$500)*(V$2:V$500="4548-4"),Y$2:Y$500,"Not Tested")} -> Not Tested | AA77: Not Recorded | AB77: 99 | AC77: =IF(AND(EHR[[#This Row],[BP_Systolic_mmHg]]<140,EHR[[#This Row],[BP_Diastolic_mmHg]]<90),"Controlled",IF(OR(EHR[[#This Row],[BP_Systolic_mmHg]]="Not Recorded",EHR[[#This Row],[BP_Diastolic_mmHg]]="Not Recorded"),"No Reading","Uncontrolled")) -> No Reading | AD77: =_xlfn.CONCAT(EHR[[#This Row],[BP_Systolic_mmHg]],"/",EHR[[#This Row],[BP_Diastolic_mmHg]]) -> Not Recorded/99 | AE77: 89 | AF77: 23 | AG77: 38.8 | AH77: 35.1 | AI77: =IF(EHR[[#This Row],[BMI_kg_m2]]>=30,"Obese","Non-Obese") -> Obese | AJ77: 95 | AK77: 8480-6 | AL77: 8462-4 | AM77: 8867-4 | AN77: 39156-5 | AO77: 59408-5
A78: PID-0023 | B78: ENC-0023-04 | C78: 45729 | D78: Follow-up | E78: Community Health Centre | F78: Kisumu | G78: Dr. R. Mendes | H78: 22442 | I78: =(EHR[[#This Row],[Encounter_Date]]-EHR[[#This Row],[Patient_DOB]])/365 -> 63.8 | J78: {=_xlfn.IFS(EHR[[#This Row],[Age_at_Encounter]]<18,"Adolescent",AND(EHR[[#This Row],[Age_at_Encounter]]>=18,EHR[[#This Row],[Age_at_Encounter]]<=34),"Young Adults",AND(EHR[[#This Row],[Age_at_Encounter]]>=35,EHR[[#This Row],[Age_at_Encounter]]<=49),"Middle Age",AND(EHR[[#This Row],[Age_at_Encounter]]>=50,EHR[[#This Row],[Age_at_Encounter]]<=64),"Late middle Age",EHR[[#This Row],[Age_at_Encounter]]>=65,"Senior Adults")} -> Late middle Age | K78: Male | L78: Middle Eastern | M78: Private | N78: Never | O78: Regular | P78: FA24 | Q78: =_xlfn.XLOOKUP(EHR[[#This Row],[Primary_ICD11_Code]],'03_ICD11_Reference'!A:A,'03_ICD11_Reference'!D:D,,0) -> Gastroenterology | R78: Gastro-oesophageal reflux disease | S78: Yes | T78: Metoprolol 50mg BD; Omeprazole 20mg OD; Amlodipine 10mg OD; Empagliflozin 10mg OD | U78: 4 | V78: =_xlfn.XLOOKUP(EHR[[#This Row],[Encounter_ID]],'02_Lab_Results'!B:B,'02_Lab_Results'!D:D,,0) -> 2085-9 | W78: =_xlfn.XLOOKUP(EHR[[#This Row],[LOINC Code]],'04_LOINC_Reference'!A:A,'04_LOINC_Reference'!F:F,,0) -> Biochemistry | X78: =_xlfn.XLOOKUP(EHR[[#This Row],[LOINC Code]],'02_Lab_Results'!D:D,'02_Lab_Results'!E:E,,0) -> HDL cholesterol | Y78: =_xlfn.XLOOKUP(EHR[[#This Row],[LOINC Code]],'02_Lab_Results'!D:D,'02_Lab_Results'!J:J,,0) -> Normal | Z78: {=_xlfn.XLOOKUP(1,(B78=B$2:B$500)*(V$2:V$500="4548-4"),Y$2:Y$500,"Not Tested")} -> Not Tested | AA78: 135 | AB78: 87 | AC78: =IF(AND(EHR[[#This Row],[BP_Systolic_mmHg]]<140,EHR[[#This Row],[BP_Diastolic_mmHg]]<90),"Controlled",IF(OR(EHR[[#This Row],[BP_Systolic_mmHg]]="Not Recorded",EHR[[#This Row],[BP_Diastolic_mmHg]]="Not Recorded"),"No Reading","Uncontrolled")) -> Controlled | AD78: =_xlfn.CONCAT(EHR[[#This Row],[BP_Systolic_mmHg]],"/",EHR[[#This Row],[BP_Diastolic_mmHg]]) -> 135/87 | AE78: 73 | AF78: 25 | AG78: 37.5 | AH78: 41.3 | AI78: =IF(EHR[[#This Row],[BMI_kg_m2]]>=30,"Obese","Non-Obese") -> Obese | AJ78: 92 | AK78: 8480-6 | AL78: 8462-4 | AM78: 8867-4 | AN78: 39156-5 | AO78: 59408-5
A79: PID-0024 | B79: ENC-0024-01 | C79: 45020 | D79: Inpatient | E79: Eastside Clinic | F79: Nairobi | G79: Dr. F. Hassan | H79: 15017 | I79: 84 | J79: {=_xlfn.IFS(EHR[[#This Row],[Age_at_Encounter]]<18,"Adolescent",AND(EHR[[#This Row],[Age_at_Encounter]]>=18,EHR[[#This Row],[Age_at_Encounter]]<=34),"Young Adults",AND(EHR[[#This Row],[Age_at_Encounter]]>=35,EHR[[#This Row],[Age_at_Encounter]]<=49),"Middle Age",AND(EHR[[#This Row],[Age_at_Encounter]]>=50,EHR[[#This Row],[Age_at_Encounter]]<=64),"Late middle Age",EHR[[#This Row],[Age_at_Encounter]]>=65,"Senior Adults")} -> Senior Adults | K79: Male | L79: Black African | M79: Private | N79: Unknown | O79: Occasional | P79: CA80 | Q79: =_xlfn.XLOOKUP(EHR[[#This Row],[Primary_ICD11_Code]],'03_ICD11_Reference'!A:A,'03_ICD11_Reference'!D:D,,0) -> Respiratory | R79: Asthma | S79: Yes | T79: Amlodipine 10mg OD; Metformin 1g BD | U79: 2 | V79: =_xlfn.XLOOKUP(EHR[[#This Row],[Encounter_ID]],'02_Lab_Results'!B:B,'02_Lab_Results'!D:D,,0) -> 2345-7 | W79: =_xlfn.XLOOKUP(EHR[[#This Row],[LOINC Code]],'04_LOINC_Reference'!A:A,'04_LOINC_Reference'!F:F,,0) -> Biochemistry | X79: =_xlfn.XLOOKUP(EHR[[#This Row],[LOINC Code]],'02_Lab_Results'!D:D,'02_Lab_Results'!E:E,,0) -> Serum glucose (fasting) | Y79: =_xlfn.XLOOKUP(EHR[[#This Row],[LOINC Code]],'02_Lab_Results'!D:D,'02_Lab_Results'!J:J,,0) -> Normal | Z79: {=_xlfn.XLOOKUP(1,(B79=B$2:B$500)*(V$2:V$500="4548-4"),Y$2:Y$500,"Not Tested")} -> Not Tested | AA79: 180 | AB79: 68 | AC79: =IF(AND(EHR[[#This Row],[BP_Systolic_mmHg]]<140,EHR[[#This Row],[BP_Diastolic_mmHg]]<90),"Controlled",IF(OR(EHR[[#This Row],[BP_Systolic_mmHg]]="Not Recorded",EHR[[#This Row],[BP_Diastolic_mmHg]]="Not Recorded"),"No Reading","Uncontrolled")) -> Uncontrolled | AD79: =_xlfn.CONCAT(EHR[[#This Row],[BP_Systolic_mmHg]],"/",EHR[[#This Row],[BP_Diastolic_mmHg]]) -> 180/68 | AE79: 84 | AF79: 18 | AG79: 36.1 | AH79: 19 | AI79: =IF(EHR[[#This Row],[BMI_kg_m2]]>=30,"Obese","Non-Obese") -> Non-Obese | AJ79: 94 | AK79: 8480-6 | AL79: 8462-4 | AM79: 8867-4 | AN79: 39156-5 | AO79: 59408-5
A80: PID-0024 | B80: ENC-0024-02 | C80: 45658 | D80: Inpatient | E80: Eastside Clinic | F80: Kisumu | G80: Dr. T. Osei | H80: 15017 | I80: 84 | J80: {=_xlfn.IFS(EHR[[#This Row],[Age_at_Encounter]]<18,"Adolescent",AND(EHR[[#This Row],[Age_at_Encounter]]>=18,EHR[[#This Row],[Age_at_Encounter]]<=34),"Young Adults",AND(EHR[[#This Row],[Age_at_Encounter]]>=35,EHR[[#This Row],[Age_at_Encounter]]<=49),"Middle Age",AND(EHR[[#This Row],[Age_at_Encounter]]>=50,EHR[[#This Row],[Age_at_Encounter]]<=64),"Late middle Age",EHR[[#This Row],[Age_at_Encounter]]>=65,"Senior Adults")} -> Senior Adults | K80: Male | L80: Black African | M80: Private | N80: Unknown | O80: Occasional | P80: CA80 | Q80: =_xlfn.XLOOKUP(EHR[[#This Row],[Primary_ICD11_Code]],'03_ICD11_Reference'!A:A,'03_ICD11_Reference'!D:D,,0) -> Respiratory | R80: Asthma | S80: Yes | T80: Metoprolol 50mg BD; Amlodipine 5mg OD; Metformin 1g BD; Clopidogrel 75mg OD | U80: 4 | V80: =_xlfn.XLOOKUP(EHR[[#This Row],[Encounter_ID]],'02_Lab_Results'!B:B,'02_Lab_Results'!D:D,,0) -> 4548-4 | W80: =_xlfn.XLOOKUP(EHR[[#This Row],[LOINC Code]],'04_LOINC_Reference'!A:A,'04_LOINC_Reference'!F:F,,0) -> Biochemistry | X80: =_xlfn.XLOOKUP(EHR[[#This Row],[LOINC Code]],'02_Lab_Results'!D:D,'02_Lab_Results'!E:E,,0) -> HbA1c | Y80: =_xlfn.XLOOKUP(EHR[[#This Row],[LOINC Code]],'02_Lab_Results'!D:D,'02_Lab_Results'!J:J,,0) -> High | Z80: {=_xlfn.XLOOKUP(1,(B80=B$2:B$500)*(V$2:V$500="4548-4"),Y$2:Y$500,"Not Tested")} -> High | AA80: 153 | AB80: 102 | AC80: =IF(AND(EHR[[#This Row],[BP_Systolic_mmHg]]<140,EHR[[#This Row],[BP_Diastolic_mmHg]]<90),"Controlled",IF(OR(EHR[[#This Row],[BP_Systolic_mmHg]]="Not Recorded",EHR[[#This Row],[BP_Diastolic_mmHg]]="Not Recorded"),"No Reading","Uncontrolled")) -> Uncontrolled | AD80: =_xlfn.CONCAT(EHR[[#This Row],[BP_Systolic_mmHg]],"/",EHR[[#This Row],[BP_Diastolic_mmHg]]) -> 153/102 | AE80: 60 | AF80: 17 | AG80: 38.7 | AH80: 37.3 | AI80: =IF(EHR[[#This Row],[BMI_kg_m2]]>=30,"Obese","Non-Obese") -> Obese | AJ80: 89 | AK80: 8480-6 | AL80: 8462-4 | AM80: 8867-4 | AN80: 39156-5 | AO80: 59408-5
A81: PID-0025 | B81: ENC-0025-01 | C81: 45438 | D81: Emergency | E81: Central District Hospital | F81: Garissa | G81: Dr. F. Hassan | H81: 28249 | I81: 48 | J81: {=_xlfn.IFS(EHR[[#This Row],[Age_at_Encounter]]<18,"Adolescent",AND(EHR[[#This Row],[Age_at_Encounter]]>=18,EHR[[#This Row],[Age_at_Encounter]]<=34),"Young Adults",AND(EHR[[#This Row],[Age_at_Encounter]]>=35,EHR[[#This Row],[Age_at_Encounter]]<=49),"Middle Age",AND(EHR[[#This Row],[Age_at_Encounter]]>=50,EHR[[#This Row],[Age_at_Encounter]]<=64),"Late middle Age",EHR[[#This Row],[Age_at_Encounter]]>=65,"Senior Adults")} -> Middle Age | K81: Female | L81: Black African | M81: Employer | N81: Unknown | O81: None | P81: 5A11 | Q81: =_xlfn.XLOOKUP(EHR[[#This Row],[Primary_ICD11_Code]],'03_ICD11_Reference'!A:A,'03_ICD11_Reference'!D:D,,0) -> Endocrine | R81: Type 2 diabetes mellitus | S81: Yes | T81: Clopidogrel 75mg OD; Ramipril 5mg OD | U81: 2 | V81: =_xlfn.XLOOKUP(EHR[[#This Row],[Encounter_ID]],'02_Lab_Results'!B:B,'02_Lab_Results'!D:D,,0) -> 4548-4 | W81: =_xlfn.XLOOKUP(EHR[[#This Row],[LOINC Code]],'04_LOINC_Reference'!A:A,'04_LOINC_Reference'!F:F,,0) -> Biochemistry | X81: =_xlfn.XLOOKUP(EHR[[#This Row],[LOINC Code]],'02_Lab_Results'!D:D,'02_Lab_Results'!E:E,,0) -> HbA1c | Y81: =_xlfn.XLOOKUP(EHR[[#This Row],[LOINC Code]],'02_Lab_Results'!D:D,'02_Lab_Results'!J:J,,0) -> High | Z81: {=_xlfn.XLOOKUP(1,(B81=B$2:B$500)*(V$2:V$500="4548-4"),Y$2:Y$500,"Not Tested")} -> High | AA81: 149 | AB81: 56 | AC81: =IF(AND(EHR[[#This Row],[BP_Systolic_mmHg]]<140,EHR[[#This Row],[BP_Diastolic_mmHg]]<90),"Controlled",IF(OR(EHR[[#This Row],[BP_Systolic_mmHg]]="Not Recorded",EHR[[#This Row],[BP_Diastolic_mmHg]]="Not Recorded"),"No Reading","Uncontrolled")) -> Uncontrolled | AD81: =_xlfn.CONCAT(EHR[[#This Row],[BP_Systolic_mmHg]],"/",EHR[[#This Row],[BP_Diastolic_mmHg]]) -> 149/56 | AE81: 89 | AF81: 16 | AG81: 36.5 | AH81: Invalid | AI81: =IF(EHR[[#This Row],[BMI_kg_m2]]>=30,"Obese","Non-Obese") -> Obese | AJ81: 95 | AK81: 8480-6 | AL81: 8462-4 | AM81: 8867-4 | AN81: 39156-5 | AO81: 59408-5
A82: PID-0025 | B82: ENC-0025-02 | C82: 45408 | D82: Inpatient | E82: Eastside Clinic | F82: Nairobi | G82: Dr. F. Hassan | H82: 28249 | I82: 48 | J82: {=_xlfn.IFS(EHR[[#This Row],[Age_at_Encounter]]<18,"Adolescent",AND(EHR[[#This Row],[Age_at_Encounter]]>=18,EHR[[#This Row],[Age_at_Encounter]]<=34),"Young Adults",AND(EHR[[#This Row],[Age_at_Encounter]]>=35,EHR[[#This Row],[Age_at_Encounter]]<=49),"Middle Age",AND(EHR[[#This Row],[Age_at_Encounter]]>=50,EHR[[#This Row],[Age_at_Encounter]]<=64),"Late middle Age",EHR[[#This Row],[Age_at_Encounter]]>=65,"Senior Adults")} -> Middle Age | K82: Female | L82: Mixed/Other | M82: Employer | N82: Unknown | O82: None | P82: 5A11 | Q82: =_xlfn.XLOOKUP(EHR[[#This Row],[Primary_ICD11_Code]],'03_ICD11_Reference'!A:A,'03_ICD11_Reference'!D:D,,0) -> Endocrine | R82: Type 2 diabetes mellitus | S82: Yes | T82: Clopidogrel 75mg OD | U82: 1 | V82: =_xlfn.XLOOKUP(EHR[[#This Row],[Encounter_ID]],'02_Lab_Results'!B:B,'02_Lab_Results'!D:D,,0) -> 17861-6 | W82: =_xlfn.XLOOKUP(EHR[[#This Row],[LOINC Code]],'04_LOINC_Reference'!A:A,'04_LOINC_Reference'!F:F,,0) -> Biochemistry | X82: =_xlfn.XLOOKUP(EHR[[#This Row],[LOINC Code]],'02_Lab_Results'!D:D,'02_Lab_Results'!E:E,,0) -> Serum calcium | Y82: =_xlfn.XLOOKUP(EHR[[#This Row],[LOINC Code]],'02_Lab_Results'!D:D,'02_Lab_Results'!J:J,,0) -> High | Z82: {=_xlfn.XLOOKUP(1,(B82=B$2:B$500)*(V$2:V$500="4548-4"),Y$2:Y$500,"Not Tested")} -> Not Tested | AA82: Not Recorded | AB82: 78 | AC82: =IF(AND(EHR[[#This Row],[BP_Systolic_mmHg]]<140,EHR[[#This Row],[BP_Diastolic_mmHg]]<90),"Controlled",IF(OR(EHR[[#This Row],[BP_Systolic_mmHg]]="Not Recorded",EHR[[#This Row],[BP_Diastolic_mmHg]]="Not Recorded"),"No Reading","Uncontrolled")) -> No Reading | AD82: =_xlfn.CONCAT(EHR[[#This Row],[BP_Systolic_mmHg]],"/",EHR[[#This Row],[BP_Diastolic_mmHg]]) -> Not Recorded/78 | AE82: 78 | AF82: 24 | AG82: 37.1 | AH82: 19.4 | AI82: =IF(EHR[[#This Row],[BMI_kg_m2]]>=30,"Obese","Non-Obese") -> Non-Obese | AJ82: 90 | AK82: 8480-6 | AL82: 8462-4 | AM82: 8867-4 | AN82: 39156-5 | AO82: 59408-5
A83: PID-0026 | B83: ENC-0026-01 | C83: 44969 | D83: Inpatient | E83: Central District Hospital | F83: Thika | G83: Dr. T. Osei | H83: 30744 | I83: 41 | J83: {=_xlfn.IFS(EHR[[#This Row],[Age_at_Encounter]]<18,"Adolescent",AND(EHR[[#This Row],[Age_at_Encounter]]>=18,EHR[[#This Row],[Age_at_Encounter]]<=34),"Young Adults",AND(EHR[[#This Row],[Age_at_Encounter]]>=35,EHR[[#This Row],[Age_at_Encounter]]<=49),"Middle Age",AND(EHR[[#This Row],[Age_at_Encounter]]>=50,EHR[[#This Row],[Age_at_Encounter]]<=64),"Late middle Age",EHR[[#This Row],[Age_at_Encounter]]>=65,"Senior Adults")} -> Middle Age | K83: Female | L83: East Asian | M83: Private | N83: Ex-smoker | O83: None | P83: LA90 | Q83: =_xlfn.XLOOKUP(EHR[[#This Row],[Primary_ICD11_Code]],'03_ICD11_Reference'!A:A,'03_ICD11_Reference'!D:D,,0) -> Renal | R83: Chronic kidney disease stage 3 | S83: Yes | T83: Insulin glargine 20u ON; Lisinopril 10mg OD; Levothyroxine 50mcg OD | U83: 3 | V83: =_xlfn.XLOOKUP(EHR[[#This Row],[Encounter_ID]],'02_Lab_Results'!B:B,'02_Lab_Results'!D:D,,0) -> 789-8 | W83: =_xlfn.XLOOKUP(EHR[[#This Row],[LOINC Code]],'04_LOINC_Reference'!A:A,'04_LOINC_Reference'!F:F,,0) -> Biochemistry | X83: =_xlfn.XLOOKUP(EHR[[#This Row],[LOINC Code]],'02_Lab_Results'!D:D,'02_Lab_Results'!E:E,,0) -> RBC count | Y83: =_xlfn.XLOOKUP(EHR[[#This Row],[LOINC Code]],'02_Lab_Results'!D:D,'02_Lab_Results'!J:J,,0) -> High | Z83: {=_xlfn.XLOOKUP(1,(B83=B$2:B$500)*(V$2:V$500="4548-4"),Y$2:Y$500,"Not Tested")} -> Not Tested | AA83: 123 | AB83: 74 | AC83: =IF(AND(EHR[[#This Row],[BP_Systolic_mmHg]]<140,EHR[[#This Row],[BP_Diastolic_mmHg]]<90),"Controlled",IF(OR(EHR[[#This Row],[BP_Systolic_mmHg]]="Not Recorded",EHR[[#This Row],[BP_Diastolic_mmHg]]="Not Recorded"),"No Reading","Uncontrolled")) -> Controlled | AD83: =_xlfn.CONCAT(EHR[[#This Row],[BP_Systolic_mmHg]],"/",EHR[[#This Row],[BP_Diastolic_mmHg]]) -> 123/74 | AE83: 80 | AF83: 25 | AG83: 37.5 | AH83: 18.5 | AI83: =IF(EHR[[#This Row],[BMI_kg_m2]]>=30,"Obese","Non-Obese") -> Non-Obese | AJ83: 95 | AK83: 8480-6 | AL83: 8462-4 | AM83: 8867-4 | AN83: 39156-5 | AO83: 59408-5
A84: PID-0027 | B84: ENC-0027-01 | C84: 45671 | D84: Emergency | E84: Community Health Centre | F84: Thika | G84: NP J. Nakamura | H84: 21342 | I84: 67 | J84: {=_xlfn.IFS(EHR[[#This Row],[Age_at_Encounter]]<18,"Adolescent",AND(EHR[[#This Row],[Age_at_Encounter]]>=18,EHR[[#This Row],[Age_at_Encounter]]<=34),"Young Adults",AND(EHR[[#This Row],[Age_at_Encounter]]>=35,EHR[[#This Row],[Age_at_Encounter]]<=49),"Middle Age",AND(EHR[[#This Row],[Age_at_Encounter]]>=50,EHR[[#This Row],[Age_at_Encounter]]<=64),"Late middle Age",EHR[[#This Row],[Age_at_Encounter]]>=65,"Senior Adults")} -> Senior Adults | K84: Female | L84: Black African | M84: Employer | N84: Current | O84: Regular | P84: BA80,5A11 | Q84: =_xlfn.XLOOKUP(EHR[[#This Row],[Primary_ICD11_Code]],'03_ICD11_Reference'!A:A,'03_ICD11_Reference'!D:D,,0) -> Multi-system | R84: Hypertension + T2DM | S84: Yes | T84: Omeprazole 20mg OD; Metoprolol 50mg BD; Ramipril 5mg OD | U84: 3 | V84: =_xlfn.XLOOKUP(EHR[[#This Row],[Encounter_ID]],'02_Lab_Results'!B:B,'02_Lab_Results'!D:D,,0) -> 2777-1 | W84: =_xlfn.XLOOKUP(EHR[[#This Row],[LOINC Code]],'04_LOINC_Reference'!A:A,'04_LOINC_Reference'!F:F,,0) -> Biochemistry | X84: =_xlfn.XLOOKUP(EHR[[#This Row],[LOINC Code]],'02_Lab_Results'!D:D,'02_Lab_Results'!E:E,,0) -> Serum phosphate | Y84: =_xlfn.XLOOKUP(EHR[[#This Row],[LOINC Code]],'02_Lab_Results'!D:D,'02_Lab_Results'!J:J,,0) -> Normal | Z84: {=_xlfn.XLOOKUP(1,(B84=B$2:B$500)*(V$2:V$500="4548-4"),Y$2:Y$500,"Not Tested")} -> Not Tested | AA84: 133 | AB84: 81 | AC84: =IF(AND(EHR[[#This Row],[BP_Systolic_mmHg]]<140,EHR[[#This Row],[BP_Diastolic_mmHg]]<90),"Controlled",IF(OR(EHR[[#This Row],[BP_Systolic_mmHg]]="Not Recorded",EHR[[#This Row],[BP_Diastolic_mmHg]]="Not Recorded"),"No Reading","Uncontrolled")) -> Controlled | AD84: =_xlfn.CONCAT(EHR[[#This Row],[BP_Systolic_mmHg]],"/",EHR[[#This Row],[BP_Diastolic_mmHg]]) -> 133/81 | AE84: 125 | AF84: 15 | AG84: 36.9 | AH84: 20.4 | AI84: =IF(EHR[[#This Row],[BMI_kg_m2]]>=30,"Obese","Non-Obese") -> Non-Obese | AJ84: 91 | AK84: 8480-6 | AL84: 8462-4 | AM84: 8867-4 | AN84: 39156-5 | AO84: 59408-5
A85: PID-0027 | B85: ENC-0027-02 | C85: 45671 | D85: Emergency | E85: Riverside Specialist Centre | F85: Nyeri | G85: Dr. A. Mwangi | H85: 21342 | I85: 67 | J85: {=_xlfn.IFS(EHR[[#This Row],[Age_at_Encounter]]<18,"Adolescent",AND(EHR[[#This Row],[Age_at_Encounter]]>=18,EHR[[#This Row],[Age_at_Encounter]]<=34),"Young Adults",AND(EHR[[#This Row],[Age_at_Encounter]]>=35,EHR[[#This Row],[Age_at_Encounter]]<=49),"Middle Age",AND(EHR[[#This Row],[Age_at_Encounter]]>=50,EHR[[#This Row],[Age_at_Encounter]]<=64),"Late middle Age",EHR[[#This Row],[Age_at_Encounter]]>=65,"Senior Adults")} -> Senior Adults | K85: Female | L85: White European | M85: Employer | N85: Current | O85: Regular | P85: BA80,5A11 | Q85: =_xlfn.XLOOKUP(EHR[[#This Row],[Primary_ICD11_Code]],'03_ICD11_Reference'!A:A,'03_ICD11_Reference'!D:D,,0) -> Multi-system | R85: Hypertension + T2DM | S85: Yes | T85: Insulin glargine 20u ON; Empagliflozin 10mg OD; Furosemide 40mg OD; Amlodipine 5mg OD | U85: 4 | V85: =_xlfn.XLOOKUP(EHR[[#This Row],[Encounter_ID]],'02_Lab_Results'!B:B,'02_Lab_Results'!D:D,,0) -> 718-7 | W85: =_xlfn.XLOOKUP(EHR[[#This Row],[LOINC Code]],'04_LOINC_Reference'!A:A,'04_LOINC_Reference'!F:F,,0) -> Biochemistry | X85: =_xlfn.XLOOKUP(EHR[[#This Row],[LOINC Code]],'02_Lab_Results'!D:D,'02_Lab_Results'!E:E,,0) -> Haemoglobin | Y85: =_xlfn.XLOOKUP(EHR[[#This Row],[LOINC Code]],'02_Lab_Results'!D:D,'02_Lab_Results'!J:J,,0) -> Normal | Z85: {=_xlfn.XLOOKUP(1,(B85=B$2:B$500)*(V$2:V$500="4548-4"),Y$2:Y$500,"Not Tested")} -> Not Tested | AA85: 173 | AB85: 76 | AC85: =IF(AND(EHR[[#This Row],[BP_Systolic_mmHg]]<140,EHR[[#This Row],[BP_Diastolic_mmHg]]<90),"Controlled",IF(OR(EHR[[#This Row],[BP_Systolic_mmHg]]="Not Recorded",EHR[[#This Row],[BP_Diastolic_mmHg]]="Not Recorded"),"No Reading","Uncontrolled")) -> Uncontrolled | AD85: =_xlfn.CONCAT(EHR[[#This Row],[BP_Systolic_mmHg]],"/",EHR[[#This Row],[BP_Diastolic_mmHg]]) -> 173/76 | AE85: 125 | AF85: 16 | AG85: 39.1 | AH85: 44.5 | AI85: =IF(EHR[[#This Row],[BMI_kg_m2]]>=30,"Obese","Non-Obese") -> Obese | AJ85: 88 | AK85: 8480-6 | AL85: 8462-4 | AM85: 8867-4 | AN85: 39156-5 | AO85: 59408-5
A86: PID-0027 | B86: ENC-0027-03 | C86: 44995 | D86: Follow-up | E86: Eastside Clinic | F86: Garissa | G86: Dr. F. Hassan | H86: 21342 | I86: 67 | J86: {=_xlfn.IFS(EHR[[#This Row],[Age_at_Encounter]]<18,"Adolescent",AND(EHR[[#This Row],[Age_at_Encounter]]>=18,EHR[[#This Row],[Age_at_Encounter]]<=34),"Young Adults",AND(EHR[[#This Row],[Age_at_Encounter]]>=35,EHR[[#This Row],[Age_at_Encounter]]<=49),"Middle Age",AND(EHR[[#This Row],[Age_at_Encounter]]>=50,EHR[[#This Row],[Age_at_Encounter]]<=64),"Late middle Age",EHR[[#This Row],[Age_at_Encounter]]>=65,"Senior Adults")} -> Senior Adults | K86: Female | L86: East Asian | M86: Employer | N86: Current | O86: Regular | P86: BA80,5A11 | Q86: =_xlfn.XLOOKUP(EHR[[#This Row],[Primary_ICD11_Code]],'03_ICD11_Reference'!A:A,'03_ICD11_Reference'!D:D,,0) -> Multi-system | R86: Hypertension + T2DM | S86: Yes | T86: Insulin glargine 20u ON; Metoprolol 50mg BD; Metformin 1g BD | U86: 3 | V86: =_xlfn.XLOOKUP(EHR[[#This Row],[Encounter_ID]],'02_Lab_Results'!B:B,'02_Lab_Results'!D:D,,0) -> 6768-6 | W86: =_xlfn.XLOOKUP(EHR[[#This Row],[LOINC Code]],'04_LOINC_Reference'!A:A,'04_LOINC_Reference'!F:F,,0) -> Biochemistry | X86: =_xlfn.XLOOKUP(EHR[[#This Row],[LOINC Code]],'02_Lab_Results'!D:D,'02_Lab_Results'!E:E,,0) -> ALP | Y86: =_xlfn.XLOOKUP(EHR[[#This Row],[LOINC Code]],'02_Lab_Results'!D:D,'02_Lab_Results'!J:J,,0) -> High | Z86: {=_xlfn.XLOOKUP(1,(B86=B$2:B$500)*(V$2:V$500="4548-4"),Y$2:Y$500,"Not Tested")} -> Not Tested | AA86: 116 | AB86: 94 | AC86: =IF(AND(EHR[[#This Row],[BP_Systolic_mmHg]]<140,EHR[[#This Row],[BP_Diastolic_mmHg]]<90),"Controlled",IF(OR(EHR[[#This Row],[BP_Systolic_mmHg]]="Not Recorded",EHR[[#This Row],[BP_Diastolic_mmHg]]="Not Recorded"),"No Reading","Uncontrolled")) -> Uncontrolled | AD86: =_xlfn.CONCAT(EHR[[#This Row],[BP_Systolic_mmHg]],"/",EHR[[#This Row],[BP_Diastolic_mmHg]]) -> 116/94 | AE86: 77 | AF86: 27 | AG86: 36.1 | AH86: 21.9 | AI86: =IF(EHR[[#This Row],[BMI_kg_m2]]>=30,"Obese","Non-Obese") -> Non-Obese | AJ86: 93 | AK86: 8480-6 | AL86: 8462-4 | AM86: 8867-4 | AN86: 39156-5 | AO86: 59408-5
A87: PID-0027 | B87: ENC-0027-04 | C87: 45248 | D87: Follow-up | E87: Metro Emergency Unit | F87: Nyeri | G87: Dr. R. Mendes | H87: 21342 | I87: 67 | J87: {=_xlfn.IFS(EHR[[#This Row],[Age_at_Encounter]]<18,"Adolescent",AND(EHR[[#This Row],[Age_at_Encounter]]>=18,EHR[[#This Row],[Age_at_Encounter]]<=34),"Young Adults",AND(EHR[[#This Row],[Age_at_Encounter]]>=35,EHR[[#This Row],[Age_at_Encounter]]<=49),"Middle Age",AND(EHR[[#This Row],[Age_at_Encounter]]>=50,EHR[[#This Row],[Age_at_Encounter]]<=64),"Late middle Age",EHR[[#This Row],[Age_at_Encounter]]>=65,"Senior Adults")} -> Senior Adults | K87: Female | L87: Black African | M87: Employer | N87: Current | O87: Regular | P87: BA80,5A11 | Q87: =_xlfn.XLOOKUP(EHR[[#This Row],[Primary_ICD11_Code]],'03_ICD11_Reference'!A:A,'03_ICD11_Reference'!D:D,,0) -> Multi-system | R87: Hypertension + T2DM | S87: Yes | T87: Bisoprolol 5mg OD; Metoprolol 50mg BD; Warfarin (variable) | U87: 3 | V87: =_xlfn.XLOOKUP(EHR[[#This Row],[Encounter_ID]],'02_Lab_Results'!B:B,'02_Lab_Results'!D:D,,0) -> 6768-6 | W87: =_xlfn.XLOOKUP(EHR[[#This Row],[LOINC Code]],'04_LOINC_Reference'!A:A,'04_LOINC_Reference'!F:F,,0) -> Biochemistry | X87: =_xlfn.XLOOKUP(EHR[[#This Row],[LOINC Code]],'02_Lab_Results'!D:D,'02_Lab_Results'!E:E,,0) -> ALP | Y87: =_xlfn.XLOOKUP(EHR[[#This Row],[LOINC Code]],'02_Lab_Results'!D:D,'02_Lab_Results'!J:J,,0) -> High | Z87: {=_xlfn.XLOOKUP(1,(B87=B$2:B$500)*(V$2:V$500="4548-4"),Y$2:Y$500,"Not Tested")} -> Not Tested | AA87: 153 | AB87: 70 | AC87: =IF(AND(EHR[[#This Row],[BP_Systolic_mmHg]]<140,EHR[[#This Row],[BP_Diastolic_mmHg]]<90),"Controlled",IF(OR(EHR[[#This Row],[BP_Systolic_mmHg]]="Not Recorded",EHR[[#This Row],[BP_Diastolic_mmHg]]="Not Recorded"),"No Reading","Uncontrolled")) -> Uncontrolled | AD87: =_xlfn.CONCAT(EHR[[#This Row],[BP_Systolic_mmHg]],"/",EHR[[#This Row],[BP_Diastolic_mmHg]]) -> 153/70 | AE87: 59 | AF87: 24 | AG87: 37.6 | AH87: 28.5 | AI87: =IF(EHR[[#This Row],[BMI_kg_m2]]>=30,"Obese","Non-Obese") -> Non-Obese | AJ87: 94 | AK87: 8480-6 | AL87: 8462-4 | AM87: 8867-4 | AN87: 39156-5 | AO87: 59408-5
A88: PID-0027 | B88: ENC-0027-05 | C88: 45065 | D88: Follow-up | E88: Metro Emergency Unit | F88: Eldoret | G88: Dr. L. Patel | H88: 21342 | I88: 67 | J88: {=_xlfn.IFS(EHR[[#This Row],[Age_at_Encounter]]<18,"Adolescent",AND(EHR[[#This Row],[Age_at_Encounter]]>=18,EHR[[#This Row],[Age_at_Encounter]]<=34),"Young Adults",AND(EHR[[#This Row],[Age_at_Encounter]]>=35,EHR[[#This Row],[Age_at_Encounter]]<=49),"Middle Age",AND(EHR[[#This Row],[Age_at_Encounter]]>=50,EHR[[#This Row],[Age_at_Encounter]]<=64),"Late middle Age",EHR[[#This Row],[Age_at_Encounter]]>=65,"Senior Adults")} -> Senior Adults | K88: Female | L88: Hispanic/Latino | M88: Employer | N88: Current | O88: Regular | P88: BA80,5A11 | Q88: =_xlfn.XLOOKUP(EHR[[#This Row],[Primary_ICD11_Code]],'03_ICD11_Reference'!A:A,'03_ICD11_Reference'!D:D,,0) -> Multi-system | R88: Hypertension + T2DM | S88: Yes | T88: Insulin glargine 20u ON; Metformin 1g BD; Prednisolone 5mg OD | U88: 3 | V88: =_xlfn.XLOOKUP(EHR[[#This Row],[Encounter_ID]],'02_Lab_Results'!B:B,'02_Lab_Results'!D:D,,0) -> 13457-7 | W88: =_xlfn.XLOOKUP(EHR[[#This Row],[LOINC Code]],'04_LOINC_Reference'!A:A,'04_LOINC_Reference'!F:F,,0) -> Biochemistry | X88: =_xlfn.XLOOKUP(EHR[[#This Row],[LOINC Code]],'02_Lab_Results'!D:D,'02_Lab_Results'!E:E,,0) -> LDL cholesterol | Y88: =_xlfn.XLOOKUP(EHR[[#This Row],[LOINC Code]],'02_Lab_Results'!D:D,'02_Lab_Results'!J:J,,0) -> High | Z88: {=_xlfn.XLOOKUP(1,(B88=B$2:B$500)*(V$2:V$500="4548-4"),Y$2:Y$500,"Not Tested")} -> Not Tested | AA88: 172 | AB88: 82 | AC88: =IF(AND(EHR[[#This Row],[BP_Systolic_mmHg]]<140,EHR[[#This Row],[BP_Diastolic_mmHg]]<90),"Controlled",IF(OR(EHR[[#This Row],[BP_Systolic_mmHg]]="Not Recorded",EHR[[#This Row],[BP_Diastolic_mmHg]]="Not Recorded"),"No Reading","Uncontrolled")) -> Uncontrolled | AD88: =_xlfn.CONCAT(EHR[[#This Row],[BP_Systolic_mmHg]],"/",EHR[[#This Row],[BP_Diastolic_mmHg]]) -> 172/82 | AE88: 117 | AF88: 19 | AG88: 36.3 | AH88: 36.9 | AI88: =IF(EHR[[#This Row],[BMI_kg_m2]]>=30,"Obese","Non-Obese") -> Obese | AJ88: 98 | AK88: 8480-6 | AL88: 8462-4 | AM88: 8867-4 | AN88: 39156-5 | AO88: 59408-5
A89: PID-0027 | B89: ENC-0027-06 | C89: 45653 | D89: Telehealth | E89: Riverside Specialist Centre | F89: Kisumu | G89: Dr. S. Okonkwo | H89: 21342 | I89: 67 | J89: {=_xlfn.IFS(EHR[[#This Row],[Age_at_Encounter]]<18,"Adolescent",AND(EHR[[#This Row],[Age_at_Encounter]]>=18,EHR[[#This Row],[Age_at_Encounter]]<=34),"Young Adults",AND(EHR[[#This Row],[Age_at_Encounter]]>=35,EHR[[#This Row],[Age_at_Encounter]]<=49),"Middle Age",AND(EHR[[#This Row],[Age_at_Encounter]]>=50,EHR[[#This Row],[Age_at_Encounter]]<=64),"Late middle Age",EHR[[#This Row],[Age_at_Encounter]]>=65,"Senior Adults")} -> Senior Adults | K89: Female | L89: Black African | M89: Employer | N89: Current | O89: Regular | P89: BA80,5A11 | Q89: =_xlfn.XLOOKUP(EHR[[#This Row],[Primary_ICD11_Code]],'03_ICD11_Reference'!A:A,'03_ICD11_Reference'!D:D,,0) -> Multi-system | R89: Hypertension + T2DM | S89: Yes | T89: Amlodipine 5mg OD; Insulin glargine 20u ON; Prednisolone 5mg OD; Clopidogrel 75mg OD | U89: 4 | V89: =_xlfn.XLOOKUP(EHR[[#This Row],[Encounter_ID]],'02_Lab_Results'!B:B,'02_Lab_Results'!D:D,,0) -> 2951-2 | W89: =_xlfn.XLOOKUP(EHR[[#This Row],[LOINC Code]],'04_LOINC_Reference'!A:A,'04_LOINC_Reference'!F:F,,0) -> Biochemistry | X89: =_xlfn.XLOOKUP(EHR[[#This Row],[LOINC Code]],'02_Lab_Results'!D:D,'02_Lab_Results'!E:E,,0) -> Serum sodium | Y89: =_xlfn.XLOOKUP(EHR[[#This Row],[LOINC Code]],'02_Lab_Results'!D:D,'02_Lab_Results'!J:J,,0) -> Low | Z89: {=_xlfn.XLOOKUP(1,(B89=B$2:B$500)*(V$2:V$500="4548-4"),Y$2:Y$500,"Not Tested")} -> Not Tested | AA89: 178 | AB89: 93 | AC89: =IF(AND(EHR[[#This Row],[BP_Systolic_mmHg]]<140,EHR[[#This Row],[BP_Diastolic_mmHg]]<90),"Controlled",IF(OR(EHR[[#This Row],[BP_Systolic_mmHg]]="Not Recorded",EHR[[#This Row],[BP_Diastolic_mmHg]]="Not Recorded"),"No Reading","Uncontrolled")) -> Uncontrolled | AD89: =_xlfn.CONCAT(EHR[[#This Row],[BP_Systolic_mmHg]],"/",EHR[[#This Row],[BP_Diastolic_mmHg]]) -> 178/93 | AE89: 110 | AF89: 20 | AG89: 36.4 | AH89: 23.2 | AI89: =IF(EHR[[#This Row],[BMI_kg_m2]]>=30,"Obese","Non-Obese") -> Non-Obese | AJ89: 89 | AK89: 8480-6 | AL89: 8462-4 | AM89: 8867-4 | AN89: 39156-5 | AO89: 59408-5
A90: PID-0028 | B90: ENC-0028-01 | C90: 45251 | D90: Follow-up | E90: Central District Hospital | F90: Mombasa | G90: Dr. L. Patel | H90: 21178 | I90: 68 | J90: {=_xlfn.IFS(EHR[[#This Row],[Age_at_Encounter]]<18,"Adolescent",AND(EHR[[#This Row],[Age_at_Encounter]]>=18,EHR[[#This Row],[Age_at_Encounter]]<=34),"Young Adults",AND(EHR[[#This Row],[Age_at_Encounter]]>=35,EHR[[#This Row],[Age_at_Encounter]]<=49),"Middle Age",AND(EHR[[#This Row],[Age_at_Encounter]]>=50,EHR[[#This Row],[Age_at_Encounter]]<=64),"Late middle Age",EHR[[#This Row],[Age_at_Encounter]]>=65,"Senior Adults")} -> Senior Adults | K90: Female | L90: South Asian | M90: Employer | N90: Unknown | O90: None | P90: BA80,5A11 | Q90: =_xlfn.XLOOKUP(EHR[[#This Row],[Primary_ICD11_Code]],'03_ICD11_Reference'!A:A,'03_ICD11_Reference'!D:D,,0) -> Multi-system | R90: Hypertension + T2DM | S90: Yes | T90: Salbutamol 100mcg PRN; Ramipril 5mg OD | U90: 2 | V90: =_xlfn.XLOOKUP(EHR[[#This Row],[Encounter_ID]],'02_Lab_Results'!B:B,'02_Lab_Results'!D:D,,0) -> 4548-4 | W90: =_xlfn.XLOOKUP(EHR[[#This Row],[LOINC Code]],'04_LOINC_Reference'!A:A,'04_LOINC_Reference'!F:F,,0) -> Biochemistry | X90: =_xlfn.XLOOKUP(EHR[[#This Row],[LOINC Code]],'02_Lab_Results'!D:D,'02_Lab_Results'!E:E,,0) -> HbA1c | Y90: =_xlfn.XLOOKUP(EHR[[#This Row],[LOINC Code]],'02_Lab_Results'!D:D,'02_Lab_Results'!J:J,,0) -> High | Z90: {=_xlfn.XLOOKUP(1,(B90=B$2:B$500)*(V$2:V$500="4548-4"),Y$2:Y$500,"Not Tested")} -> High | AA90: Not Recorded | AB90: Not Recorded | AC90: =IF(AND(EHR[[#This Row],[BP_Systolic_mmHg]]<140,EHR[[#This Row],[BP_Diastolic_mmHg]]<90),"Controlled",IF(OR(EHR[[#This Row],[BP_Systolic_mmHg]]="Not Recorded",EHR[[#This Row],[BP_Diastolic_mmHg]]="Not Recorded"),"No Reading","Uncontrolled")) -> No Reading | AD90: =_xlfn.CONCAT(EHR[[#This Row],[BP_Systolic_mmHg]],"/",EHR[[#This Row],[BP_Diastolic_mmHg]]) -> Not Recorded/Not Recorded | AE90: 101 | AF90: 18 | AG90: 38.8 | AH90: 39.7 | AI90: =IF(EHR[[#This Row],[BMI_kg_m2]]>=30,"Obese","Non-Obese") -> Obese | AJ90: 95 | AK90: 8480-6 | AL90: 8462-4 | AM90: 8867-4 | AN90: 39156-5 | AO90: 59408-5
A91: PID-0028 | B91: ENC-0028-02 | C91: =EHR[[#This Row],[Patient_DOB]]+(EHR[[#This Row],[Age_at_Encounter]]*365) -> 45998 | D91: Emergency | E91: Eastside Clinic | F91: Kitale | G91: Dr. F. Hassan | H91: 21178 | I91: 68 | J91: {=_xlfn.IFS(EHR[[#This Row],[Age_at_Encounter]]<18,"Adolescent",AND(EHR[[#This Row],[Age_at_Encounter]]>=18,EHR[[#This Row],[Age_at_Encounter]]<=34),"Young Adults",AND(EHR[[#This Row],[Age_at_Encounter]]>=35,EHR[[#This Row],[Age_at_Encounter]]<=49),"Middle Age",AND(EHR[[#This Row],[Age_at_Encounter]]>=50,EHR[[#This Row],[Age_at_Encounter]]<=64),"Late middle Age",EHR[[#This Row],[Age_at_Encounter]]>=65,"Senior Adults")} -> Senior Adults | K91: Female | L91: Middle Eastern | M91: Employer | N91: Unknown | O91: None | P91: BA80,5A11 | Q91: =_xlfn.XLOOKUP(EHR[[#This Row],[Primary_ICD11_Code]],'03_ICD11_Reference'!A:A,'03_ICD11_Reference'!D:D,,0) -> Multi-system | R91: Hypertension + T2DM | S91: Yes | T91: Clopidogrel 75mg OD; None | U91: 2 | V91: =_xlfn.XLOOKUP(EHR[[#This Row],[Encounter_ID]],'02_Lab_Results'!B:B,'02_Lab_Results'!D:D,,0) -> 4548-4 | W91: =_xlfn.XLOOKUP(EHR[[#This Row],[LOINC Code]],'04_LOINC_Reference'!A:A,'04_LOINC_Reference'!F:F,,0) -> Biochemistry | X91: =_xlfn.XLOOKUP(EHR[[#This Row],[LOINC Code]],'02_Lab_Results'!D:D,'02_Lab_Results'!E:E,,0) -> HbA1c | Y91: =_xlfn.XLOOKUP(EHR[[#This Row],[LOINC Code]],'02_Lab_Results'!D:D,'02_Lab_Results'!J:J,,0) -> High | Z91: {=_xlfn.XLOOKUP(1,(B91=B$2:B$500)*(V$2:V$500="4548-4"),Y$2:Y$500,"Not Tested")} -> High | AA91: 171 | AB91: Not Recorded | AC91: =IF(AND(EHR[[#This Row],[BP_Systolic_mmHg]]<140,EHR[[#This Row],[BP_Diastolic_mmHg]]<90),"Controlled",IF(OR(EHR[[#This Row],[BP_Systolic_mmHg]]="Not Recorded",EHR[[#This Row],[BP_Diastolic_mmHg]]="Not Recorded"),"No Reading","Uncontrolled")) -> No Reading | AD91: =_xlfn.CONCAT(EHR[[#This Row],[BP_Systolic_mmHg]],"/",EHR[[#This Row],[BP_Diastolic_mmHg]]) -> 171/Not Recorded | AE91: 98 | AF91: 21 | AG91: 36.4 | AH91: 26.1 | AI91: =IF(EHR[[#This Row],[BMI_kg_m2]]>=30,"Obese","Non-Obese") -> Non-Obese | AJ91: 94 | AK91: 8480-6 | AL91: 8462-4 | AM91: 8867-4 | AN91: 39156-5 | AO91: 59408-5
A92: PID-0028 | B92: ENC-0028-03 | C92: =EHR[[#This Row],[Patient_DOB]]+(EHR[[#This Row],[Age_at_Encounter]]*365) -> 45998 | D92: Telehealth | E92: Metro Emergency Unit | F92: Nyeri | G92: Dr. S. Okonkwo | H92: 21178 | I92: 68 | J92: {=_xlfn.IFS(EHR[[#This Row],[Age_at_Encounter]]<18,"Adolescent",AND(EHR[[#This Row],[Age_at_Encounter]]>=18,EHR[[#This Row],[Age_at_Encounter]]<=34),"Young Adults",AND(EHR[[#This Row],[Age_at_Encounter]]>=35,EHR[[#This Row],[Age_at_Encounter]]<=49),"Middle Age",AND(EHR[[#This Row],[Age_at_Encounter]]>=50,EHR[[#This Row],[Age_at_Encounter]]<=64),"Late middle Age",EHR[[#This Row],[Age_at_Encounter]]>=65,"Senior Adults")} -> Senior Adults | K92: Female | L92: Hispanic/Latino | M92: Employer | N92: Unknown | O92: None | P92: BA80,5A11 | Q92: =_xlfn.XLOOKUP(EHR[[#This Row],[Primary_ICD11_Code]],'03_ICD11_Reference'!A:A,'03_ICD11_Reference'!D:D,,0) -> Multi-system | R92: Hypertension + T2DM | S92: Yes | T92: Omeprazole 20mg OD; Dapagliflozin 10mg OD; Aspirin 75mg OD | U92: 3 | V92: =_xlfn.XLOOKUP(EHR[[#This Row],[Encounter_ID]],'02_Lab_Results'!B:B,'02_Lab_Results'!D:D,,0) -> 14627-4 | W92: =_xlfn.XLOOKUP(EHR[[#This Row],[LOINC Code]],'04_LOINC_Reference'!A:A,'04_LOINC_Reference'!F:F,,0) -> Biochemistry | X92: =_xlfn.XLOOKUP(EHR[[#This Row],[LOINC Code]],'02_Lab_Results'!D:D,'02_Lab_Results'!E:E,,0) -> eGFR (CKD-EPI) | Y92: =_xlfn.XLOOKUP(EHR[[#This Row],[LOINC Code]],'02_Lab_Results'!D:D,'02_Lab_Results'!J:J,,0) -> High | Z92: {=_xlfn.XLOOKUP(1,(B92=B$2:B$500)*(V$2:V$500="4548-4"),Y$2:Y$500,"Not Tested")} -> Not Tested | AA92: Not Recorded | AB92: 94 | AC92: =IF(AND(EHR[[#This Row],[BP_Systolic_mmHg]]<140,EHR[[#This Row],[BP_Diastolic_mmHg]]<90),"Controlled",IF(OR(EHR[[#This Row],[BP_Systolic_mmHg]]="Not Recorded",EHR[[#This Row],[BP_Diastolic_mmHg]]="Not Recorded"),"No Reading","Uncontrolled")) -> No Reading | AD92: =_xlfn.CONCAT(EHR[[#This Row],[BP_Systolic_mmHg]],"/",EHR[[#This Row],[BP_Diastolic_mmHg]]) -> Not Recorded/94 | AE92: 108 | AF92: 19 | AG92: 38 | AH92: 31.7 | AI92: =IF(EHR[[#This Row],[BMI_kg_m2]]>=30,"Obese","Non-Obese") -> Obese | AJ92: 95 | AK92: 8480-6 | AL92: 8462-4 | AM92: 8867-4 | AN92: 39156-5 | AO92: 59408-5
A93: PID-0028 | B93: ENC-0028-04 | C93: 45247 | D93: Emergency | E93: Community Health Centre | F93: Mombasa | G93: Dr. Y. Kim | H93: 21178 | I93: =(EHR[[#This Row],[Encounter_Date]]-EHR[[#This Row],[Patient_DOB]])/365 -> 65.942466 | J93: {=_xlfn.IFS(EHR[[#This Row],[Age_at_Encounter]]<18,"Adolescent",AND(EHR[[#This Row],[Age_at_Encounter]]>=18,EHR[[#This Row],[Age_at_Encounter]]<=34),"Young Adults",AND(EHR[[#This Row],[Age_at_Encounter]]>=35,EHR[[#This Row],[Age_at_Encounter]]<=49),"Middle Age",AND(EHR[[#This Row],[Age_at_Encounter]]>=50,EHR[[#This Row],[Age_at_Encounter]]<=64),"Late middle Age",EHR[[#This Row],[Age_at_Encounter]]>=65,"Senior Adults")} -> Senior Adults | K93: Female | L93: East Asian | M93: Employer | N93: Unknown | O93: None | P93: BA80,5A11 | Q93: =_xlfn.XLOOKUP(EHR[[#This Row],[Primary_ICD11_Code]],'03_ICD11_Reference'!A:A,'03_ICD11_Reference'!D:D,,0) -> Multi-system | R93: Hypertension + T2DM | S93: Yes | T93: Levothyroxine 50mcg OD | U93: 1 | V93: =_xlfn.XLOOKUP(EHR[[#This Row],[Encounter_ID]],'02_Lab_Results'!B:B,'02_Lab_Results'!D:D,,0) -> 718-7 | W93: =_xlfn.XLOOKUP(EHR[[#This Row],[LOINC Code]],'04_LOINC_Reference'!A:A,'04_LOINC_Reference'!F:F,,0) -> Biochemistry | X93: =_xlfn.XLOOKUP(EHR[[#This Row],[LOINC Code]],'02_Lab_Results'!D:D,'02_Lab_Results'!E:E,,0) -> Haemoglobin | Y93: =_xlfn.XLOOKUP(EHR[[#This Row],[LOINC Code]],'02_Lab_Results'!D:D,'02_Lab_Results'!J:J,,0) -> Normal | Z93: {=_xlfn.XLOOKUP(1,(B93=B$2:B$500)*(V$2:V$500="4548-4"),Y$2:Y$500,"Not Tested")} -> Not Tested | AA93: Not Recorded | AB93: Not Recorded | AC93: =IF(AND(EHR[[#This Row],[BP_Systolic_mmHg]]<140,EHR[[#This Row],[BP_Diastolic_mmHg]]<90),"Controlled",IF(OR(EHR[[#This Row],[BP_Systolic_mmHg]]="Not Recorded",EHR[[#This Row],[BP_Diastolic_mmHg]]="Not Recorded"),"No Reading","Uncontrolled")) -> No Reading | AD93: =_xlfn.CONCAT(EHR[[#This Row],[BP_Systolic_mmHg]],"/",EHR[[#This Row],[BP_Diastolic_mmHg]]) -> Not Recorded/Not Recorded | AE93: 124 | AF93: 18 | AG93: 37.3 | AH93: 39.2 | AI93: =IF(EHR[[#This Row],[BMI_kg_m2]]>=30,"Obese","Non-Obese") -> Obese | AJ93: 94 | AK93: 8480-6 | AL93: 8462-4 | AM93: 8867-4 | AN93: 39156-5 | AO93: 59408-5
A94: PID-0028 | B94: ENC-0028-05 | C94: 45181 | D94: Outpatient | E94: Community Health Centre | F94: Garissa | G94: NP J. Nakamura | H94: 21178 | I94: =(EHR[[#This Row],[Encounter_Date]]-EHR[[#This Row],[Patient_DOB]])/365 -> 65.761644 | J94: {=_xlfn.IFS(EHR[[#This Row],[Age_at_Encounter]]<18,"Adolescent",AND(EHR[[#This Row],[Age_at_Encounter]]>=18,EHR[[#This Row],[Age_at_Encounter]]<=34),"Young Adults",AND(EHR[[#This Row],[Age_at_Encounter]]>=35,EHR[[#This Row],[Age_at_Encounter]]<=49),"Middle Age",AND(EHR[[#This Row],[Age_at_Encounter]]>=50,EHR[[#This Row],[Age_at_Encounter]]<=64),"Late middle Age",EHR[[#This Row],[Age_at_Encounter]]>=65,"Senior Adults")} -> Senior Adults | K94: Female | L94: White European | M94: Employer | N94: Unknown | O94: None | P94: BA80,5A11 | Q94: =_xlfn.XLOOKUP(EHR[[#This Row],[Primary_ICD11_Code]],'03_ICD11_Reference'!A:A,'03_ICD11_Reference'!D:D,,0) -> Multi-system | R94: Hypertension + T2DM | S94: Yes | T94: Dapagliflozin 10mg OD; Omeprazole 20mg OD; None; Amlodipine 5mg OD | U94: 4 | V94: =_xlfn.XLOOKUP(EHR[[#This Row],[Encounter_ID]],'02_Lab_Results'!B:B,'02_Lab_Results'!D:D,,0) -> 2093-3 | W94: =_xlfn.XLOOKUP(EHR[[#This Row],[LOINC Code]],'04_LOINC_Reference'!A:A,'04_LOINC_Reference'!F:F,,0) -> Biochemistry | X94: =_xlfn.XLOOKUP(EHR[[#This Row],[LOINC Code]],'02_Lab_Results'!D:D,'02_Lab_Results'!E:E,,0) -> Total cholesterol | Y94: =_xlfn.XLOOKUP(EHR[[#This Row],[LOINC Code]],'02_Lab_Results'!D:D,'02_Lab_Results'!J:J,,0) -> Normal | Z94: {=_xlfn.XLOOKUP(1,(B94=B$2:B$500)*(V$2:V$500="4548-4"),Y$2:Y$500,"Not Tested")} -> Not Tested | AA94: Not Recorded | AB94: Not Recorded | AC94: =IF(AND(EHR[[#This Row],[BP_Systolic_mmHg]]<140,EHR[[#This Row],[BP_Diastolic_mmHg]]<90),"Controlled",IF(OR(EHR[[#This Row],[BP_Systolic_mmHg]]="Not Recorded",EHR[[#This Row],[BP_Diastolic_mmHg]]="Not Recorded"),"No Reading","Uncontrolled")) -> No Reading | AD94: =_xlfn.CONCAT(EHR[[#This Row],[BP_Systolic_mmHg]],"/",EHR[[#This Row],[BP_Diastolic_mmHg]]) -> Not Recorded/Not Recorded | AE94: 111 | AF94: 27 | AG94: 38.3 | AH94: 22.9 | AI94: =IF(EHR[[#This Row],[BMI_kg_m2]]>=30,"Obese","Non-Obese") -> Non-Obese | AJ94: 89 | AK94: 8480-6 | AL94: 8462-4 | AM94: 8867-4 | AN94: 39156-5 | AO94: 59408-5
A95: PID-0029 | B95: ENC-0029-01 | C95: 45301 | D95: Outpatient | E95: Community Health Centre | F95: Thika | G95: Dr. F. Hassan | H95: 26177 | I95: 54 | J95: {=_xlfn.IFS(EHR[[#This Row],[Age_at_Encounter]]<18,"Adolescent",AND(EHR[[#This Row],[Age_at_Encounter]]>=18,EHR[[#This Row],[Age_at_Encounter]]<=34),"Young Adults",AND(EHR[[#This Row],[Age_at_Encounter]]>=35,EHR[[#This Row],[Age_at_Encounter]]<=49),"Middle Age",AND(EHR[[#This Row],[Age_at_Encounter]]>=50,EHR[[#This Row],[Age_at_Encounter]]<=64),"Late middle Age",EHR[[#This Row],[Age_at_Encounter]]>=65,"Senior Adults")} -> Late middle Age | K95: Female | L95: Mixed/Other | M95: National Insurance | N95: Current | O95: Regular | P95: BA41 | Q95: =_xlfn.XLOOKUP(EHR[[#This Row],[Primary_ICD11_Code]],'03_ICD11_Reference'!A:A,'03_ICD11_Reference'!D:D,,0) -> Cardiovascular | R95: Acute MI – STEMI | S95: No | T95: None; Atorvastatin 40mg ON; Salbutamol 100mcg PRN | U95: 3 | V95: =_xlfn.XLOOKUP(EHR[[#This Row],[Encounter_ID]],'02_Lab_Results'!B:B,'02_Lab_Results'!D:D,,0) -> 2345-7 | W95: =_xlfn.XLOOKUP(EHR[[#This Row],[LOINC Code]],'04_LOINC_Reference'!A:A,'04_LOINC_Reference'!F:F,,0) -> Biochemistry | X95: =_xlfn.XLOOKUP(EHR[[#This Row],[LOINC Code]],'02_Lab_Results'!D:D,'02_Lab_Results'!E:E,,0) -> Serum glucose (fasting) | Y95: =_xlfn.XLOOKUP(EHR[[#This Row],[LOINC Code]],'02_Lab_Results'!D:D,'02_Lab_Results'!J:J,,0) -> Normal | Z95: {=_xlfn.XLOOKUP(1,(B95=B$2:B$500)*(V$2:V$500="4548-4"),Y$2:Y$500,"Not Tested")} -> Not Tested | AA95: 99 | AB95: 58 | AC95: =IF(AND(EHR[[#This Row],[BP_Systolic_mmHg]]<140,EHR[[#This Row],[BP_Diastolic_mmHg]]<90),"Controlled",IF(OR(EHR[[#This Row],[BP_Systolic_mmHg]]="Not Recorded",EHR[[#This Row],[BP_Diastolic_mmHg]]="Not Recorded"),"No Reading","Uncontrolled")) -> Controlled | AD95: =_xlfn.CONCAT(EHR[[#This Row],[BP_Systolic_mmHg]],"/",EHR[[#This Row],[BP_Diastolic_mmHg]]) -> 99/58 | AE95: 92 | AF95: 18 | AG95: 36.9 | AH95: 28.5 | AI95: =IF(EHR[[#This Row],[BMI_kg_m2]]>=30,"Obese","Non-Obese") -> Non-Obese | AJ95: 93 | AK95: 8480-6 | AL95: 8462-4 | AM95: 8867-4 | AN95: 39156-5 | AO95: 59408-5
A96: PID-0029 | B96: ENC-0029-02 | C96: 45301 | D96: Emergency | E96: Metro Emergency Unit | F96: Kitale | G96: Dr. F. Hassan | H96: 26177 | I96: 54 | J96: {=_xlfn.IFS(EHR[[#This Row],[Age_at_Encounter]]<18,"Adolescent",AND(EHR[[#This Row],[Age_at_Encounter]]>=18,EHR[[#This Row],[Age_at_Encounter]]<=34),"Young Adults",AND(EHR[[#This Row],[Age_at_Encounter]]>=35,EHR[[#This Row],[Age_at_Encounter]]<=49),"Middle Age",AND(EHR[[#This Row],[Age_at_Encounter]]>=50,EHR[[#This Row],[Age_at_Encounter]]<=64),"Late middle Age",EHR[[#This Row],[Age_at_Encounter]]>=65,"Senior Adults")} -> Late middle Age | K96: Female | L96: White European | M96: National Insurance | N96: Current | O96: Regular | P96: BA41 | Q96: =_xlfn.XLOOKUP(EHR[[#This Row],[Primary_ICD11_Code]],'03_ICD11_Reference'!A:A,'03_ICD11_Reference'!D:D,,0) -> Cardiovascular | R96: Acute MI – STEMI | S96: No | T96: Empagliflozin 10mg OD; Metoprolol 50mg BD; Salbutamol 100mcg PRN; None | U96: 4 | V96: =_xlfn.XLOOKUP(EHR[[#This Row],[Encounter_ID]],'02_Lab_Results'!B:B,'02_Lab_Results'!D:D,,0) -> 2823-3 | W96: =_xlfn.XLOOKUP(EHR[[#This Row],[LOINC Code]],'04_LOINC_Reference'!A:A,'04_LOINC_Reference'!F:F,,0) -> Biochemistry | X96: =_xlfn.XLOOKUP(EHR[[#This Row],[LOINC Code]],'02_Lab_Results'!D:D,'02_Lab_Results'!E:E,,0) -> Serum potassium | Y96: =_xlfn.XLOOKUP(EHR[[#This Row],[LOINC Code]],'02_Lab_Results'!D:D,'02_Lab_Results'!J:J,,0) -> Normal | Z96: {=_xlfn.XLOOKUP(1,(B96=B$2:B$500)*(V$2:V$500="4548-4"),Y$2:Y$500,"Not Tested")} -> Not Tested | AA96: 163 | AB96: 67 | AC96: =IF(AND(EHR[[#This Row],[BP_Systolic_mmHg]]<140,EHR[[#This Row],[BP_Diastolic_mmHg]]<90),"Controlled",IF(OR(EHR[[#This Row],[BP_Systolic_mmHg]]="Not Recorded",EHR[[#This Row],[BP_Diastolic_mmHg]]="Not Recorded"),"No Reading","Uncontrolled")) -> Uncontrolled | AD96: =_xlfn.CONCAT(EHR[[#This Row],[BP_Systolic_mmHg]],"/",EHR[[#This Row],[BP_Diastolic_mmHg]]) -> 163/67 | AE96: 88 | AF96: 20 | AG96: 36.1 | AH96: 21.4 | AI96: =IF(EHR[[#This Row],[BMI_kg_m2]]>=30,"Obese","Non-Obese") -> Non-Obese | AJ96: 91 | AK96: 8480-6 | AL96: 8462-4 | AM96: 8867-4 | AN96: 39156-5 | AO96: 59408-5
A97: PID-0030 | B97: ENC-0030-01 | C97: 45304 | D97: Follow-up | E97: Community Health Centre | F97: Kisumu | G97: Dr. T. Osei | H97: 25487 | I97: 56 | J97: {=_xlfn.IFS(EHR[[#This Row],[Age_at_Encounter]]<18,"Adolescent",AND(EHR[[#This Row],[Age_at_Encounter]]>=18,EHR[[#This Row],[Age_at_Encounter]]<=34),"Young Adults",AND(EHR[[#This Row],[Age_at_Encounter]]>=35,EHR[[#This Row],[Age_at_Encounter]]<=49),"Middle Age",AND(EHR[[#This Row],[Age_at_Encounter]]>=50,EHR[[#This Row],[Age_at_Encounter]]<=64),"Late middle Age",EHR[[#This Row],[Age_at_Encounter]]>=65,"Senior Adults")} -> Late middle Age | K97: Female | L97: White European | M97: Employer | N97: Current | O97: Unknown | P97: BA80,5A11,5A00 | Q97: =_xlfn.XLOOKUP(EHR[[#This Row],[Primary_ICD11_Code]],'03_ICD11_Reference'!A:A,'03_ICD11_Reference'!D:D,,0) -> Multi-system | R97: Metabolic syndrome | S97: Yes | T97: Bisoprolol 5mg OD; Clopidogrel 75mg OD; Aspirin 75mg OD; Lisinopril 10mg OD | U97: 4 | V97: =_xlfn.XLOOKUP(EHR[[#This Row],[Encounter_ID]],'02_Lab_Results'!B:B,'02_Lab_Results'!D:D,,0) -> 6768-6 | W97: =_xlfn.XLOOKUP(EHR[[#This Row],[LOINC Code]],'04_LOINC_Reference'!A:A,'04_LOINC_Reference'!F:F,,0) -> Biochemistry | X97: =_xlfn.XLOOKUP(EHR[[#This Row],[LOINC Code]],'02_Lab_Results'!D:D,'02_Lab_Results'!E:E,,0) -> ALP | Y97: =_xlfn.XLOOKUP(EHR[[#This Row],[LOINC Code]],'02_Lab_Results'!D:D,'02_Lab_Results'!J:J,,0) -> High | Z97: {=_xlfn.XLOOKUP(1,(B97=B$2:B$500)*(V$2:V$500="4548-4"),Y$2:Y$500,"Not Tested")} -> Not Tested | AA97: 125 | AB97: 62 | AC97: =IF(AND(EHR[[#This Row],[BP_Systolic_mmHg]]<140,EHR[[#This Row],[BP_Diastolic_mmHg]]<90),"Controlled",IF(OR(EHR[[#This Row],[BP_Systolic_mmHg]]="Not Recorded",EHR[[#This Row],[BP_Diastolic_mmHg]]="Not Recorded"),"No Reading","Uncontrolled")) -> Controlled | AD97: =_xlfn.CONCAT(EHR[[#This Row],[BP_Systolic_mmHg]],"/",EHR[[#This Row],[BP_Diastolic_mmHg]]) -> 125/62 | AE97: 81 | AF97: 17 | AG97: 38.9 | AH97: 42.4 | AI97: =IF(EHR[[#This Row],[BMI_kg_m2]]>=30,"Obese","Non-Obese") -> Obese | AJ97: 95 | AK97: 8480-6 | AL97: 8462-4 | AM97: 8867-4 | AN97: 39156-5 | AO97: 59408-5
A98: PID-0030 | B98: ENC-0030-02 | C98: 45624 | D98: Follow-up | E98: Community Health Centre | F98: Nairobi | G98: Dr. L. Patel | H98: 25487 | I98: 56 | J98: {=_xlfn.IFS(EHR[[#This Row],[Age_at_Encounter]]<18,"Adolescent",AND(EHR[[#This Row],[Age_at_Encounter]]>=18,EHR[[#This Row],[Age_at_Encounter]]<=34),"Young Adults",AND(EHR[[#This Row],[Age_at_Encounter]]>=35,EHR[[#This Row],[Age_at_Encounter]]<=49),"Middle Age",AND(EHR[[#This Row],[Age_at_Encounter]]>=50,EHR[[#This Row],[Age_at_Encounter]]<=64),"Late middle Age",EHR[[#This Row],[Age_at_Encounter]]>=65,"Senior Adults")} -> Late middle Age | K98: Female | L98: Mixed/Other | M98: Employer | N98: Current | O98: Unknown | P98: BA80,5A11,5A00 | Q98: =_xlfn.XLOOKUP(EHR[[#This Row],[Primary_ICD11_Code]],'03_ICD11_Reference'!A:A,'03_ICD11_Reference'!D:D,,0) -> Multi-system | R98: Metabolic syndrome | S98: Yes | T98: Ramipril 5mg OD; Empagliflozin 10mg OD | U98: 2 | V98: =_xlfn.XLOOKUP(EHR[[#This Row],[Encounter_ID]],'02_Lab_Results'!B:B,'02_Lab_Results'!D:D,,0) -> 2085-9 | W98: =_xlfn.XLOOKUP(EHR[[#This Row],[LOINC Code]],'04_LOINC_Reference'!A:A,'04_LOINC_Reference'!F:F,,0) -> Biochemistry | X98: =_xlfn.XLOOKUP(EHR[[#This Row],[LOINC Code]],'02_Lab_Results'!D:D,'02_Lab_Results'!E:E,,0) -> HDL cholesterol | Y98: =_xlfn.XLOOKUP(EHR[[#This Row],[LOINC Code]],'02_Lab_Results'!D:D,'02_Lab_Results'!J:J,,0) -> Normal | Z98: {=_xlfn.XLOOKUP(1,(B98=B$2:B$500)*(V$2:V$500="4548-4"),Y$2:Y$500,"Not Tested")} -> Not Tested | AA98: 117 | AB98: 89 | AC98: =IF(AND(EHR[[#This Row],[BP_Systolic_mmHg]]<140,EHR[[#This Row],[BP_Diastolic_mmHg]]<90),"Controlled",IF(OR(EHR[[#This Row],[BP_Systolic_mmHg]]="Not Recorded",EHR[[#This Row],[BP_Diastolic_mmHg]]="Not Recorded"),"No Reading","Uncontrolled")) -> Controlled | AD98: =_xlfn.CONCAT(EHR[[#This Row],[BP_Systolic_mmHg]],"/",EHR[[#This Row],[BP_Diastolic_mmHg]]) -> 117/89 | AE98: 103 | AF98: 15 | AG98: 37.4 | AH98: 29.4 | AI98: =IF(EHR[[#This Row],[BMI_kg_m2]]>=30,"Obese","Non-Obese") -> Non-Obese | AJ98: 92 | AK98: 8480-6 | AL98: 8462-4 | AM98: 8867-4 | AN98: 39156-5 | AO98: 59408-5
A99: PID-0030 | B99: ENC-0030-03 | C99: 45139 | D99: Emergency | E99: Metro Emergency Unit | F99: Garissa | G99: Dr. Y. Kim | H99: 25487 | I99: 56 | J99: {=_xlfn.IFS(EHR[[#This Row],[Age_at_Encounter]]<18,"Adolescent",AND(EHR[[#This Row],[Age_at_Encounter]]>=18,EHR[[#This Row],[Age_at_Encounter]]<=34),"Young Adults",AND(EHR[[#This Row],[Age_at_Encounter]]>=35,EHR[[#This Row],[Age_at_Encounter]]<=49),"Middle Age",AND(EHR[[#This Row],[Age_at_Encounter]]>=50,EHR[[#This Row],[Age_at_Encounter]]<=64),"Late middle Age",EHR[[#This Row],[Age_at_Encounter]]>=65,"Senior Adults")} -> Late middle Age | K99: Female | L99: White European | M99: Employer | N99: Current | O99: Unknown | P99: BA80,5A11,5A00 | Q99: =_xlfn.XLOOKUP(EHR[[#This Row],[Primary_ICD11_Code]],'03_ICD11_Reference'!A:A,'03_ICD11_Reference'!D:D,,0) -> Multi-system | R99: Metabolic syndrome | S99: Yes | T99: Bisoprolol 5mg OD; Dapagliflozin 10mg OD; Warfarin (variable) | U99: 3 | V99: =_xlfn.XLOOKUP(EHR[[#This Row],[Encounter_ID]],'02_Lab_Results'!B:B,'02_Lab_Results'!D:D,,0) -> 6768-6 | W99: =_xlfn.XLOOKUP(EHR[[#This Row],[LOINC Code]],'04_LOINC_Reference'!A:A,'04_LOINC_Reference'!F:F,,0) -> Biochemistry | X99: =_xlfn.XLOOKUP(EHR[[#This Row],[LOINC Code]],'02_Lab_Results'!D:D,'02_Lab_Results'!E:E,,0) -> ALP | Y99: =_xlfn.XLOOKUP(EHR[[#This Row],[LOINC Code]],'02_Lab_Results'!D:D,'02_Lab_Results'!J:J,,0) -> High | Z99: {=_xlfn.XLOOKUP(1,(B99=B$2:B$500)*(V$2:V$500="4548-4"),Y$2:Y$500,"Not Tested")} -> Not Tested | AA99: 145 | AB99: 115 | AC99: =IF(AND(EHR[[#This Row],[BP_Systolic_mmHg]]<140,EHR[[#This Row],[BP_Diastolic_mmHg]]<90),"Controlled",IF(OR(EHR[[#This Row],[BP_Systolic_mmHg]]="Not Recorded",EHR[[#This Row],[BP_Diastolic_mmHg]]="Not Recorded"),"No Reading","Uncontrolled")) -> Uncontrolled | AD99: =_xlfn.CONCAT(EHR[[#This Row],[BP_Systolic_mmHg]],"/",EHR[[#This Row],[BP_Diastolic_mmHg]]) -> 145/115 | AE99: 86 | AF99: 18 | AG99: 39.1 | AH99: 30.6 | AI99: =IF(EHR[[#This Row],[BMI_kg_m2]]>=30,"Obese","Non-Obese") -> Obese | AJ99: 94 | AK99: 8480-6 | AL99: 8462-4 | AM99: 8867-4 | AN99: 39156-5 | AO99: 59408-5
A100: PID-0030 | B100: ENC-0030-04 | C100: 45231 | D100: Telehealth | E100: Community Health Centre | F100: Thika | G100: Dr. L. Patel | H100: 25487 | I100: 56 | J100: {=_xlfn.IFS(EHR[[#This Row],[Age_at_Encounter]]<18,"Adolescent",AND(EHR[[#This Row],[Age_at_Encounter]]>=18,EHR[[#This Row],[Age_at_Encounter]]<=34),"Young Adults",AND(EHR[[#This Row],[Age_at_Encounter]]>=35,EHR[[#This Row],[Age_at_Encounter]]<=49),"Middle Age",AND(EHR[[#This Row],[Age_at_Encounter]]>=50,EHR[[#This Row],[Age_at_Encounter]]<=64),"Late middle Age",EHR[[#This Row],[Age_at_Encounter]]>=65,"Senior Adults")} -> Late middle Age | K100: Female | L100: South Asian | M100: Employer | N100: Current | O100: Unknown | P100: BA80,5A11,5A00 | Q100: =_xlfn.XLOOKUP(EHR[[#This Row],[Primary_ICD11_Code]],'03_ICD11_Reference'!A:A,'03_ICD11_Reference'!D:D,,0) -> Multi-system | R100: Metabolic syndrome | S100: Yes | T100: Omeprazole 20mg OD; Atorvastatin 40mg ON; Prednisolone 5mg OD | U100: 3 | V100: =_xlfn.XLOOKUP(EHR[[#This Row],[Encounter_ID]],'02_Lab_Results'!B:B,'02_Lab_Results'!D:D,,0) -> 2345-7 | W100: =_xlfn.XLOOKUP(EHR[[#This Row],[LOINC Code]],'04_LOINC_Reference'!A:A,'04_LOINC_Reference'!F:F,,0) -> Biochemistry | X100: =_xlfn.XLOOKUP(EHR[[#This Row],[LOINC Code]],'02_Lab_Results'!D:D,'02_Lab_Results'!E:E,,0) -> Serum glucose (fasting) | Y100: =_xlfn.XLOOKUP(EHR[[#This Row],[LOINC Code]],'02_Lab_Results'!D:D,'02_Lab_Results'!J:J,,0) -> Normal | Z100: {=_xlfn.XLOOKUP(1,(B100=B$2:B$500)*(V$2:V$500="4548-4"),Y$2:Y$500,"Not Tested")} -> Not Tested | AA100: 164 | AB100: 97 | AC100: =IF(AND(EHR[[#This Row],[BP_Systolic_mmHg]]<140,EHR[[#This Row],[BP_Diastolic_mmHg]]<90),"Controlled",IF(OR(EHR[[#This Row],[BP_Systolic_mmHg]]="Not Recorded",EHR[[#This Row],[BP_Diastolic_mmHg]]="Not Recorded"),"No Reading","Uncontrolled")) -> Uncontrolled | AD100: =_xlfn.CONCAT(EHR[[#This Row],[BP_Systolic_mmHg]],"/",EHR[[#This Row],[BP_Diastolic_mmHg]]) -> 164/97 | AE100: 102 | AF100: 20 | AG100: 37.5 | AH100: 33.5 | AI100: =IF(EHR[[#This Row],[BMI_kg_m2]]>=30,"Obese","Non-Obese") -> Obese | AJ100: 99 | AK100: 8480-6 | AL100: 8462-4 | AM100: 8867-4 | AN100: 39156-5 | AO100: 59408-5
A101: PID-0030 | B101: ENC-0030-05 | C101: 44970 | D101: Outpatient | E101: Riverside Specialist Centre | F101: Kitale | G101: Dr. R. Mendes | H101: 25487 | I101: 56 | J101: {=_xlfn.IFS(EHR[[#This Row],[Age_at_Encounter]]<18,"Adolescent",AND(EHR[[#This Row],[Age_at_Encounter]]>=18,EHR[[#This Row],[Age_at_Encounter]]<=34),"Young Adults",AND(EHR[[#This Row],[Age_at_Encounter]]>=35,EHR[[#This Row],[Age_at_Encounter]]<=49),"Middle Age",AND(EHR[[#This Row],[Age_at_Encounter]]>=50,EHR[[#This Row],[Age_at_Encounter]]<=64),"Late middle Age",EHR[[#This Row],[Age_at_Encounter]]>=65,"Senior Adults")} -> Late middle Age | K101: Female | L101: White European | M101: Employer | N101: Current | O101: Unknown | P101: BA80,5A11,5A00 | Q101: =_xlfn.XLOOKUP(EHR[[#This Row],[Primary_ICD11_Code]],'03_ICD11_Reference'!A:A,'03_ICD11_Reference'!D:D,,0) -> Multi-system | R101: Metabolic syndrome | S101: Yes | T101: Prednisolone 5mg OD; Bisoprolol 5mg OD; Salbutamol 100mcg PRN | U101: 3 | V101: =_xlfn.XLOOKUP(EHR[[#This Row],[Encounter_ID]],'02_Lab_Results'!B:B,'02_Lab_Results'!D:D,,0) -> 4548-4 | W101: =_xlfn.XLOOKUP(EHR[[#This Row],[LOINC Code]],'04_LOINC_Reference'!A:A,'04_LOINC_Reference'!F:F,,0) -> Biochemistry | X101: =_xlfn.XLOOKUP(EHR[[#This Row],[LOINC Code]],'02_Lab_Results'!D:D,'02_Lab_Results'!E:E,,0) -> HbA1c | Y101: =_xlfn.XLOOKUP(EHR[[#This Row],[LOINC Code]],'02_Lab_Results'!D:D,'02_Lab_Results'!J:J,,0) -> High | Z101: {=_xlfn.XLOOKUP(1,(B101=B$2:B$500)*(V$2:V$500="4548-4"),Y$2:Y$500,"Not Tested")} -> High | AA101: 121 | AB101: 98 | AC101: =IF(AND(EHR[[#This Row],[BP_Systolic_mmHg]]<140,EHR[[#This Row],[BP_Diastolic_mmHg]]<90),"Controlled",IF(OR(EHR[[#This Row],[BP_Systolic_mmHg]]="Not Recorded",EHR[[#This Row],[BP_Diastolic_mmHg]]="Not Recorded"),"No Reading","Uncontrolled")) -> Uncontrolled | AD101: =_xlfn.CONCAT(EHR[[#This Row],[BP_Systolic_mmHg]],"/",EHR[[#This Row],[BP_Diastolic_mmHg]]) -> 121/98 | AE101: 76 | AF101: 19 | AG101: 36.8 | AH101: 31.2 | AI101: =IF(EHR[[#This Row],[BMI_kg_m2]]>=30,"Obese","Non-Obese") -> Obese | AJ101: 90 | AK101: 8480-6 | AL101: 8462-4 | AM101: 8867-4 | AN101: 39156-5 | AO101: 59408-5
A102: PID-0031 | B102: ENC-0031-01 | C102: 45029 | D102: Inpatient | E102: Central District Hospital | F102: Mombasa | G102: Dr. R. Mendes | H102: 14722 | I102: 85 | J102: {=_xlfn.IFS(EHR[[#This Row],[Age_at_Encounter]]<18,"Adolescent",AND(EHR[[#This Row],[Age_at_Encounter]]>=18,EHR[[#This Row],[Age_at_Encounter]]<=34),"Young Adults",AND(EHR[[#This Row],[Age_at_Encounter]]>=35,EHR[[#This Row],[Age_at_Encounter]]<=49),"Middle Age",AND(EHR[[#This Row],[Age_at_Encounter]]>=50,EHR[[#This Row],[Age_at_Encounter]]<=64),"Late middle Age",EHR[[#This Row],[Age_at_Encounter]]>=65,"Senior Adults")} -> Senior Adults | K102: Male | L102: Mixed/Other | M102: None | N102: Unknown | O102: Regular | P102: 3A00 | Q102: =_xlfn.XLOOKUP(EHR[[#This Row],[Primary_ICD11_Code]],'03_ICD11_Reference'!A:A,'03_ICD11_Reference'!D:D,,0) -> Haematological | R102: Iron deficiency anaemia | S102: No | T102: Dapagliflozin 10mg OD; Warfarin (variable); Omeprazole 20mg OD; Levothyroxine 50mcg OD | U102: 4 | V102: =_xlfn.XLOOKUP(EHR[[#This Row],[Encounter_ID]],'02_Lab_Results'!B:B,'02_Lab_Results'!D:D,,0) -> 2777-1 | W102: =_xlfn.XLOOKUP(EHR[[#This Row],[LOINC Code]],'04_LOINC_Reference'!A:A,'04_LOINC_Reference'!F:F,,0) -> Biochemistry | X102: =_xlfn.XLOOKUP(EHR[[#This Row],[LOINC Code]],'02_Lab_Results'!D:D,'02_Lab_Results'!E:E,,0) -> Serum phosphate | Y102: =_xlfn.XLOOKUP(EHR[[#This Row],[LOINC Code]],'02_Lab_Results'!D:D,'02_Lab_Results'!J:J,,0) -> Normal | Z102: {=_xlfn.XLOOKUP(1,(B102=B$2:B$500)*(V$2:V$500="4548-4"),Y$2:Y$500,"Not Tested")} -> Not Tested | AA102: 156 | AB102: 63 | AC102: =IF(AND(EHR[[#This Row],[BP_Systolic_mmHg]]<140,EHR[[#This Row],[BP_Diastolic_mmHg]]<90),"Controlled",IF(OR(EHR[[#This Row],[BP_Systolic_mmHg]]="Not Recorded",EHR[[#This Row],[BP_Diastolic_mmHg]]="Not Recorded"),"No Reading","Uncontrolled")) -> Uncontrolled | AD102: =_xlfn.CONCAT(EHR[[#This Row],[BP_Systolic_mmHg]],"/",EHR[[#This Row],[BP_Diastolic_mmHg]]) -> 156/63 | AE102: 122 | AF102: 28 | AG102: 36.5 | AH102: 36.1 | AI102: =IF(EHR[[#This Row],[BMI_kg_m2]]>=30,"Obese","Non-Obese") -> Obese | AJ102: 98 | AK102: 8480-6 | AL102: 8462-4 | AM102: 8867-4 | AN102: 39156-5 | AO102: 59408-5
A103: PID-0032 | B103: ENC-0032-01 | C103: 45223 | D103: Emergency | E103: Central District Hospital | F103: Thika | G103: Dr. L. Patel | H103: 31255 | I103: 40 | J103: {=_xlfn.IFS(EHR[[#This Row],[Age_at_Encounter]]<18,"Adolescent",AND(EHR[[#This Row],[Age_at_Encounter]]>=18,EHR[[#This Row],[Age_at_Encounter]]<=34),"Young Adults",AND(EHR[[#This Row],[Age_at_Encounter]]>=35,EHR[[#This Row],[Age_at_Encounter]]<=49),"Middle Age",AND(EHR[[#This Row],[Age_at_Encounter]]>=50,EHR[[#This Row],[Age_at_Encounter]]<=64),"Late middle Age",EHR[[#This Row],[Age_at_Encounter]]>=65,"Senior Adults")} -> Middle Age | K103: Male | L103: Hispanic/Latino | M103: Employer | N103: Unknown | O103: Occasional | P103: 5A00 | Q103: =_xlfn.XLOOKUP(EHR[[#This Row],[Primary_ICD11_Code]],'03_ICD11_Reference'!A:A,'03_ICD11_Reference'!D:D,,0) -> Endocrine | R103: Obesity | S103: Yes | T103: Salbutamol 100mcg PRN; Empagliflozin 10mg OD; Metoprolol 50mg BD; Bisoprolol 5mg OD | U103: 4 | V103: =_xlfn.XLOOKUP(EHR[[#This Row],[Encounter_ID]],'02_Lab_Results'!B:B,'02_Lab_Results'!D:D,,0) -> 789-8 | W103: =_xlfn.XLOOKUP(EHR[[#This Row],[LOINC Code]],'04_LOINC_Reference'!A:A,'04_LOINC_Reference'!F:F,,0) -> Biochemistry | X103: =_xlfn.XLOOKUP(EHR[[#This Row],[LOINC Code]],'02_Lab_Results'!D:D,'02_Lab_Results'!E:E,,0) -> RBC count | Y103: =_xlfn.XLOOKUP(EHR[[#This Row],[LOINC Code]],'02_Lab_Results'!D:D,'02_Lab_Results'!J:J,,0) -> High | Z103: {=_xlfn.XLOOKUP(1,(B103=B$2:B$500)*(V$2:V$500="4548-4"),Y$2:Y$500,"Not Tested")} -> Not Tested | AA103: 174 | AB103: 56 | AC103: =IF(AND(EHR[[#This Row],[BP_Systolic_mmHg]]<140,EHR[[#This Row],[BP_Diastolic_mmHg]]<90),"Controlled",IF(OR(EHR[[#This Row],[BP_Systolic_mmHg]]="Not Recorded",EHR[[#This Row],[BP_Diastolic_mmHg]]="Not Recorded"),"No Reading","Uncontrolled")) -> Uncontrolled | AD103: =_xlfn.CONCAT(EHR[[#This Row],[BP_Systolic_mmHg]],"/",EHR[[#This Row],[BP_Diastolic_mmHg]]) -> 174/56 | AE103: 93 | AF103: 14 | AG103: 39.1 | AH103: 25.6 | AI103: =IF(EHR[[#This Row],[BMI_kg_m2]]>=30,"Obese","Non-Obese") -> Non-Obese | AJ103: 100 | AK103: 8480-6 | AL103: 8462-4 | AM103: 8867-4 | AN103: 39156-5 | AO103: 59408-5
A104: PID-0033 | B104: ENC-0033-01 | C104: 45581 | D104: Telehealth | E104: Eastside Clinic | F104: Nyeri | G104: Dr. Y. Kim | H104: 27734 | I104: 50 | J104: {=_xlfn.IFS(EHR[[#This Row],[Age_at_Encounter]]<18,"Adolescent",AND(EHR[[#This Row],[Age_at_Encounter]]>=18,EHR[[#This Row],[Age_at_Encounter]]<=34),"Young Adults",AND(EHR[[#This Row],[Age_at_Encounter]]>=35,EHR[[#This Row],[Age_at_Encounter]]<=49),"Middle Age",AND(EHR[[#This Row],[Age_at_Encounter]]>=50,EHR[[#This Row],[Age_at_Encounter]]<=64),"Late middle Age",EHR[[#This Row],[Age_at_Encounter]]>=65,"Senior Adults")} -> Late middle Age | K104: Female | L104: South Asian | M104: Private | N104: Current | O104: Occasional | P104: BA80 | Q104: =_xlfn.XLOOKUP(EHR[[#This Row],[Primary_ICD11_Code]],'03_ICD11_Reference'!A:A,'03_ICD11_Reference'!D:D,,0) -> Cardiovascular | R104: Essential hypertension | S104: Yes | T104: Aspirin 75mg OD; Amlodipine 5mg OD; Bisoprolol 5mg OD | U104: 3 | V104: =_xlfn.XLOOKUP(EHR[[#This Row],[Encounter_ID]],'02_Lab_Results'!B:B,'02_Lab_Results'!D:D,,0) -> 2160-0 | W104: =_xlfn.XLOOKUP(EHR[[#This Row],[LOINC Code]],'04_LOINC_Reference'!A:A,'04_LOINC_Reference'!F:F,,0) -> Biochemistry | X104: =_xlfn.XLOOKUP(EHR[[#This Row],[LOINC Code]],'02_Lab_Results'!D:D,'02_Lab_Results'!E:E,,0) -> Serum creatinine | Y104: =_xlfn.XLOOKUP(EHR[[#This Row],[LOINC Code]],'02_Lab_Results'!D:D,'02_Lab_Results'!J:J,,0) -> Normal | Z104: {=_xlfn.XLOOKUP(1,(B104=B$2:B$500)*(V$2:V$500="4548-4"),Y$2:Y$500,"Not Tested")} -> Not Tested | AA104: 176 | AB104: 105 | AC104: =IF(AND(EHR[[#This Row],[BP_Systolic_mmHg]]<140,EHR[[#This Row],[BP_Diastolic_mmHg]]<90),"Controlled",IF(OR(EHR[[#This Row],[BP_Systolic_mmHg]]="Not Recorded",EHR[[#This Row],[BP_Diastolic_mmHg]]="Not Recorded"),"No Reading","Uncontrolled")) -> Uncontrolled | AD104: =_xlfn.CONCAT(EHR[[#This Row],[BP_Systolic_mmHg]],"/",EHR[[#This Row],[BP_Diastolic_mmHg]]) -> 176/105 | AE104: 89 | AF104: 13 | AG104: 38.1 | AH104: 22.8 | AI104: =IF(EHR[[#This Row],[BMI_kg_m2]]>=30,"Obese","Non-Obese") -> Non-Obese | AJ104: 89 | AK104: 8480-6 | AL104: 8462-4 | AM104: 8867-4 | AN104: 39156-5 | AO104: 59408-5
A105: PID-0033 | B105: ENC-0033-02 | C105: 45236 | D105: Inpatient | E105: Central District Hospital | F105: Eldoret | G105: Dr. F. Hassan | H105: 27734 | I105: 50 | J105: {=_xlfn.IFS(EHR[[#This Row],[Age_at_Encounter]]<18,"Adolescent",AND(EHR[[#This Row],[Age_at_Encounter]]>=18,EHR[[#This Row],[Age_at_Encounter]]<=34),"Young Adults",AND(EHR[[#This Row],[Age_at_Encounter]]>=35,EHR[[#This Row],[Age_at_Encounter]]<=49),"Middle Age",AND(EHR[[#This Row],[Age_at_Encounter]]>=50,EHR[[#This Row],[Age_at_Encounter]]<=64),"Late middle Age",EHR[[#This Row],[Age_at_Encounter]]>=65,"Senior Adults")} -> Late middle Age | K105: Female | L105: Mixed/Other | M105: Private | N105: Current | O105: Occasional | P105: BA80 | Q105: =_xlfn.XLOOKUP(EHR[[#This Row],[Primary_ICD11_Code]],'03_ICD11_Reference'!A:A,'03_ICD11_Reference'!D:D,,0) -> Cardiovascular | R105: Essential hypertension | S105: Yes | T105: Amlodipine 10mg OD; Empagliflozin 10mg OD | U105: 2 | V105: =_xlfn.XLOOKUP(EHR[[#This Row],[Encounter_ID]],'02_Lab_Results'!B:B,'02_Lab_Results'!D:D,,0) -> 2093-3 | W105: =_xlfn.XLOOKUP(EHR[[#This Row],[LOINC Code]],'04_LOINC_Reference'!A:A,'04_LOINC_Reference'!F:F,,0) -> Biochemistry | X105: =_xlfn.XLOOKUP(EHR[[#This Row],[LOINC Code]],'02_Lab_Results'!D:D,'02_Lab_Results'!E:E,,0) -> Total cholesterol | Y105: =_xlfn.XLOOKUP(EHR[[#This Row],[LOINC Code]],'02_Lab_Results'!D:D,'02_Lab_Results'!J:J,,0) -> Normal | Z105: {=_xlfn.XLOOKUP(1,(B105=B$2:B$500)*(V$2:V$500="4548-4"),Y$2:Y$500,"Not Tested")} -> Not Tested | AA105: 147 | AB105: 89 | AC105: =IF(AND(EHR[[#This Row],[BP_Systolic_mmHg]]<140,EHR[[#This Row],[BP_Diastolic_mmHg]]<90),"Controlled",IF(OR(EHR[[#This Row],[BP_Systolic_mmHg]]="Not Recorded",EHR[[#This Row],[BP_Diastolic_mmHg]]="Not Recorded"),"No Reading","Uncontrolled")) -> Uncontrolled | AD105: =_xlfn.CONCAT(EHR[[#This Row],[BP_Systolic_mmHg]],"/",EHR[[#This Row],[BP_Diastolic_mmHg]]) -> 147/89 | AE105: 70 | AF105: 18 | AG105: 36.8 | AH105: 36.5 | AI105: =IF(EHR[[#This Row],[BMI_kg_m2]]>=30,"Obese","Non-Obese") -> Obese | AJ105: 93 | AK105: 8480-6 | AL105: 8462-4 | AM105: 8867-4 | AN105: 39156-5 | AO105: 59408-5
A106: PID-0033 | B106: ENC-0033-03 | C106: 45153 | D106: Follow-up | E106: Community Health Centre | F106: Garissa | G106: Dr. F. Hassan | H106: 27734 | I106: 50 | J106: {=_xlfn.IFS(EHR[[#This Row],[Age_at_Encounter]]<18,"Adolescent",AND(EHR[[#This Row],[Age_at_Encounter]]>=18,EHR[[#This Row],[Age_at_Encounter]]<=34),"Young Adults",AND(EHR[[#This Row],[Age_at_Encounter]]>=35,EHR[[#This Row],[Age_at_Encounter]]<=49),"Middle Age",AND(EHR[[#This Row],[Age_at_Encounter]]>=50,EHR[[#This Row],[Age_at_Encounter]]<=64),"Late middle Age",EHR[[#This Row],[Age_at_Encounter]]>=65,"Senior Adults")} -> Late middle Age | K106: Female | L106: Black African | M106: Private | N106: Current | O106: Occasional | P106: BA80 | Q106: =_xlfn.XLOOKUP(EHR[[#This Row],[Primary_ICD11_Code]],'03_ICD11_Reference'!A:A,'03_ICD11_Reference'!D:D,,0) -> Cardiovascular | R106: Essential hypertension | S106: Yes | T106: Prednisolone 5mg OD; Warfarin (variable); Aspirin 75mg OD; Metformin 1g BD | U106: 4 | V106: =_xlfn.XLOOKUP(EHR[[#This Row],[Encounter_ID]],'02_Lab_Results'!B:B,'02_Lab_Results'!D:D,,0) -> 718-7 | W106: =_xlfn.XLOOKUP(EHR[[#This Row],[LOINC Code]],'04_LOINC_Reference'!A:A,'04_LOINC_Reference'!F:F,,0) -> Biochemistry | X106: =_xlfn.XLOOKUP(EHR[[#This Row],[LOINC Code]],'02_Lab_Results'!D:D,'02_Lab_Results'!E:E,,0) -> Haemoglobin | Y106: =_xlfn.XLOOKUP(EHR[[#This Row],[LOINC Code]],'02_Lab_Results'!D:D,'02_Lab_Results'!J:J,,0) -> Normal | Z106: {=_xlfn.XLOOKUP(1,(B106=B$2:B$500)*(V$2:V$500="4548-4"),Y$2:Y$500,"Not Tested")} -> Not Tested | AA106: 115 | AB106: 63 | AC106: =IF(AND(EHR[[#This Row],[BP_Systolic_mmHg]]<140,EHR[[#This Row],[BP_Diastolic_mmHg]]<90),"Controlled",IF(OR(EHR[[#This Row],[BP_Systolic_mmHg]]="Not Recorded",EHR[[#This Row],[BP_Diastolic_mmHg]]="Not Recorded"),"No Reading","Uncontrolled")) -> Controlled | AD106: =_xlfn.CONCAT(EHR[[#This Row],[BP_Systolic_mmHg]],"/",EHR[[#This Row],[BP_Diastolic_mmHg]]) -> 115/63 | AE106: 61 | AF106: 24 | AG106: 37.9 | AH106: 29.4 | AI106: =IF(EHR[[#This Row],[BMI_kg_m2]]>=30,"Obese","Non-Obese") -> Non-Obese | AJ106: 94 | AK106: 8480-6 | AL106: 8462-4 | AM106: 8867-4 | AN106: 39156-5 | AO106: 59408-5
... A118: PID-0036 | B118: ENC-0036-03 | C118: 45070 | D118: Outpatient | E118: Community Health Centre | F118: Kisumu | G118: Dr. R. Mendes | H118: 20928 | I118: 68 | J118: {=_xlfn.IFS(EHR[[#This Row],[Age_at_Encounter]]<18,"Adolescent",AND(EHR[[#This Row],[Age_at_Encounter]]>=18,EHR[[#This Row],[Age_at_Encounter]]<=34),"Young Adults",AND(EHR[[#This Row],[Age_at_Encounter]]>=35,EHR[[#This Row],[Age_at_Encounter]]<=49),"Middle Age",AND(EHR[[#This Row],[Age_at_Encounter]]>=50,EHR[[#This Row],[Age_at_Encounter]]<=64),"Late middle Age",EHR[[#This Row],[Age_at_Encounter]]>=65,"Senior Adults")} -> Senior Adults | K118: Male | L118: Black African | M118: Employer | N118: Unknown | O118: Regular | P118: 5A10 | Q118: =_xlfn.XLOOKUP(EHR[[#This Row],[Primary_ICD11_Code]],'03_ICD11_Reference'!A:A,'03_ICD11_Reference'!D:D,,0) -> Endocrine | R118: Type 1 diabetes mellitus | S118: Yes | T118: Lisinopril 10mg OD | U118: 1 | V118: =_xlfn.XLOOKUP(EHR[[#This Row],[Encounter_ID]],'02_Lab_Results'!B:B,'02_Lab_Results'!D:D,,0) -> 2345-7 | W118: =_xlfn.XLOOKUP(EHR[[#This Row],[LOINC Code]],'04_LOINC_Reference'!A:A,'04_LOINC_Reference'!F:F,,0) -> Biochemistry | X118: =_xlfn.XLOOKUP(EHR[[#This Row],[LOINC Code]],'02_Lab_Results'!D:D,'02_Lab_Results'!E:E,,0) -> Serum glucose (fasting) | Y118: =_xlfn.XLOOKUP(EHR[[#This Row],[LOINC Code]],'02_Lab_Results'!D:D,'02_Lab_Results'!J:J,,0) -> Normal | Z118: {=_xlfn.XLOOKUP(1,(B118=B$2:B$500)*(V$2:V$500="4548-4"),Y$2:Y$500,"Not Tested")} -> Not Tested | AA118: 160 | AB118: 84 | AC118: =IF(AND(EHR[[#This Row],[BP_Systolic_mmHg]]<140,EHR[[#This Row],[BP_Diastolic_mmHg]]<90),"Controlled",IF(OR(EHR[[#This Row],[BP_Systolic_mmHg]]="Not Recorded",EHR[[#This Row],[BP_Diastolic_mmHg]]="Not Recorded"),"No Reading","Uncontrolled")) -> Uncontrolled | AD118: =_xlfn.CONCAT(EHR[[#This Row],[BP_Systolic_mmHg]],"/",EHR[[#This Row],[BP_Diastolic_mmHg]]) -> 160/84 | AE118: 119 | AF118: 21 | AG118: 38.1 | AH118: 19.2 | AI118: =IF(EHR[[#This Row],[BMI_kg_m2]]>=30,"Obese","Non-Obese") -> Non-Obese | AJ118: 87 | AK118: 8480-6 | AL118: 8462-4 | AM118: 8867-4 | AN118: 39156-5 | AO118: 59408-5
A119: PID-0037 | B119: ENC-0037-01 | C119: 45471 | D119: Emergency | E119: Eastside Clinic | F119: Nakuru | G119: Dr. Y. Kim | H119: 38824 | I119: =(EHR[[#This Row],[Encounter_Date]]-EHR[[#This Row],[Patient_DOB]])/365 -> 18.210959 | J119: {=_xlfn.IFS(EHR[[#This Row],[Age_at_Encounter]]<18,"Adolescent",AND(EHR[[#This Row],[Age_at_Encounter]]>=18,EHR[[#This Row],[Age_at_Encounter]]<=34),"Young Adults",AND(EHR[[#This Row],[Age_at_Encounter]]>=35,EHR[[#This Row],[Age_at_Encounter]]<=49),"Middle Age",AND(EHR[[#This Row],[Age_at_Encounter]]>=50,EHR[[#This Row],[Age_at_Encounter]]<=64),"Late middle Age",EHR[[#This Row],[Age_at_Encounter]]>=65,"Senior Adults")} -> Young Adults | K119: Male | L119: Middle Eastern | M119: None | N119: Unknown | O119: Unknown | P119: LA90 | Q119: =_xlfn.XLOOKUP(EHR[[#This Row],[Primary_ICD11_Code]],'03_ICD11_Reference'!A:A,'03_ICD11_Reference'!D:D,,0) -> Renal | R119: Chronic kidney disease stage 3 | S119: Yes | T119: Furosemide 40mg OD; Atorvastatin 40mg ON; Clopidogrel 75mg OD; Empagliflozin 10mg OD | U119: 4 | V119: =_xlfn.XLOOKUP(EHR[[#This Row],[Encounter_ID]],'02_Lab_Results'!B:B,'02_Lab_Results'!D:D,,0) -> 2823-3 | W119: =_xlfn.XLOOKUP(EHR[[#This Row],[LOINC Code]],'04_LOINC_Reference'!A:A,'04_LOINC_Reference'!F:F,,0) -> Biochemistry | X119: =_xlfn.XLOOKUP(EHR[[#This Row],[LOINC Code]],'02_Lab_Results'!D:D,'02_Lab_Results'!E:E,,0) -> Serum potassium | Y119: =_xlfn.XLOOKUP(EHR[[#This Row],[LOINC Code]],'02_Lab_Results'!D:D,'02_Lab_Results'!J:J,,0) -> Normal | Z119: {=_xlfn.XLOOKUP(1,(B119=B$2:B$500)*(V$2:V$500="4548-4"),Y$2:Y$500,"Not Tested")} -> Not Tested | AA119: Not Recorded | AB119: 56 | AC119: =IF(AND(EHR[[#This Row],[BP_Systolic_mmHg]]<140,EHR[[#This Row],[BP_Diastolic_mmHg]]<90),"Controlled",IF(OR(EHR[[#This Row],[BP_Systolic_mmHg]]="Not Recorded",EHR[[#This Row],[BP_Diastolic_mmHg]]="Not Recorded"),"No Reading","Uncontrolled")) -> No Reading | AD119: =_xlfn.CONCAT(EHR[[#This Row],[BP_Systolic_mmHg]],"/",EHR[[#This Row],[BP_Diastolic_mmHg]]) -> Not Recorded/56 | AE119: 90 | AF119: 16 | AG119: 39.1 | AH119: 18 | AI119: =IF(EHR[[#This Row],[BMI_kg_m2]]>=30,"Obese","Non-Obese") -> Non-Obese | AJ119: 98 | AK119: 8480-6 | AL119: 8462-4 | AM119: 8867-4 | AN119: 39156-5 | AO119: 59408-5
A120: PID-0037 | B120: ENC-0037-02 | C120: 45176 | D120: Telehealth | E120: Community Health Centre | F120: Garissa | G120: NP J. Nakamura | H120: 38824 | I120: =(EHR[[#This Row],[Encounter_Date]]-EHR[[#This Row],[Patient_DOB]])/365 -> 17.40274 | J120: {=_xlfn.IFS(EHR[[#This Row],[Age_at_Encounter]]<18,"Adolescent",AND(EHR[[#This Row],[Age_at_Encounter]]>=18,EHR[[#This Row],[Age_at_Encounter]]<=34),"Young Adults",AND(EHR[[#This Row],[Age_at_Encounter]]>=35,EHR[[#This Row],[Age_at_Encounter]]<=49),"Middle Age",AND(EHR[[#This Row],[Age_at_Encounter]]>=50,EHR[[#This Row],[Age_at_Encounter]]<=64),"Late middle Age",EHR[[#This Row],[Age_at_Encounter]]>=65,"Senior Adults")} -> Adolescent | K120: Male | L120: Black African | M120: None | N120: Unknown | O120: Unknown | P120: LA90 | Q120: =_xlfn.XLOOKUP(EHR[[#This Row],[Primary_ICD11_Code]],'03_ICD11_Reference'!A:A,'03_ICD11_Reference'!D:D,,0) -> Renal | R120: Chronic kidney disease stage 3 | S120: Yes | T120: Amlodipine 10mg OD | U120: 1 | V120: =_xlfn.XLOOKUP(EHR[[#This Row],[Encounter_ID]],'02_Lab_Results'!B:B,'02_Lab_Results'!D:D,,0) -> 2777-1 | W120: =_xlfn.XLOOKUP(EHR[[#This Row],[LOINC Code]],'04_LOINC_Reference'!A:A,'04_LOINC_Reference'!F:F,,0) -> Biochemistry | X120: =_xlfn.XLOOKUP(EHR[[#This Row],[LOINC Code]],'02_Lab_Results'!D:D,'02_Lab_Results'!E:E,,0) -> Serum phosphate | Y120: =_xlfn.XLOOKUP(EHR[[#This Row],[LOINC Code]],'02_Lab_Results'!D:D,'02_Lab_Results'!J:J,,0) -> Normal | Z120: {=_xlfn.XLOOKUP(1,(B120=B$2:B$500)*(V$2:V$500="4548-4"),Y$2:Y$500,"Not Tested")} -> Not Tested | AA120: 184 | AB120: 69 | AC120: =IF(AND(EHR[[#This Row],[BP_Systolic_mmHg]]<140,EHR[[#This Row],[BP_Diastolic_mmHg]]<90),"Controlled",IF(OR(EHR[[#This Row],[BP_Systolic_mmHg]]="Not Recorded",EHR[[#This Row],[BP_Diastolic_mmHg]]="Not Recorded"),"No Reading","Uncontrolled")) -> Uncontrolled | AD120: =_xlfn.CONCAT(EHR[[#This Row],[BP_Systolic_mmHg]],"/",EHR[[#This Row],[BP_Diastolic_mmHg]]) -> 184/69 | AE120: 101 | AF120: 26 | AG120: 38.1 | AH120: 42 | AI120: =IF(EHR[[#This Row],[BMI_kg_m2]]>=30,"Obese","Non-Obese") -> Obese | AJ120: 97 | AK120: 8480-6 | AL120: 8462-4 | AM120: 8867-4 | AN120: 39156-5 | AO120: 59408-5
A121: PID-0037 | B121: ENC-0037-03 | C121: 45266 | D121: Follow-up | E121: Riverside Specialist Centre | F121: Nairobi | G121: Dr. L. Patel | H121: 38824 | I121: 19 | J121: {=_xlfn.IFS(EHR[[#This Row],[Age_at_Encounter]]<18,"Adolescent",AND(EHR[[#This Row],[Age_at_Encounter]]>=18,EHR[[#This Row],[Age_at_Encounter]]<=34),"Young Adults",AND(EHR[[#This Row],[Age_at_Encounter]]>=35,EHR[[#This Row],[Age_at_Encounter]]<=49),"Middle Age",AND(EHR[[#This Row],[Age_at_Encounter]]>=50,EHR[[#This Row],[Age_at_Encounter]]<=64),"Late middle Age",EHR[[#This Row],[Age_at_Encounter]]>=65,"Senior Adults")} -> Young Adults | K121: Male | L121: Middle Eastern | M121: None | N121: Unknown | O121: Unknown | P121: LA90 | Q121: =_xlfn.XLOOKUP(EHR[[#This Row],[Primary_ICD11_Code]],'03_ICD11_Reference'!A:A,'03_ICD11_Reference'!D:D,,0) -> Renal | R121: Chronic kidney disease stage 3 | S121: Yes | T121: Bisoprolol 5mg OD; Lisinopril 10mg OD; Metformin 1g BD; None | U121: 4 | V121: =_xlfn.XLOOKUP(EHR[[#This Row],[Encounter_ID]],'02_Lab_Results'!B:B,'02_Lab_Results'!D:D,,0) -> 13457-7 | W121: =_xlfn.XLOOKUP(EHR[[#This Row],[LOINC Code]],'04_LOINC_Reference'!A:A,'04_LOINC_Reference'!F:F,,0) -> Biochemistry | X121: =_xlfn.XLOOKUP(EHR[[#This Row],[LOINC Code]],'02_Lab_Results'!D:D,'02_Lab_Results'!E:E,,0) -> LDL cholesterol | Y121: =_xlfn.XLOOKUP(EHR[[#This Row],[LOINC Code]],'02_Lab_Results'!D:D,'02_Lab_Results'!J:J,,0) -> High | Z121: {=_xlfn.XLOOKUP(1,(B121=B$2:B$500)*(V$2:V$500="4548-4"),Y$2:Y$500,"Not Tested")} -> Not Tested | AA121: Not Recorded | AB121: 106 | AC121: =IF(AND(EHR[[#This Row],[BP_Systolic_mmHg]]<140,EHR[[#This Row],[BP_Diastolic_mmHg]]<90),"Controlled",IF(OR(EHR[[#This Row],[BP_Systolic_mmHg]]="Not Recorded",EHR[[#This Row],[BP_Diastolic_mmHg]]="Not Recorded"),"No Reading","Uncontrolled")) -> No Reading | AD121: =_xlfn.CONCAT(EHR[[#This Row],[BP_Systolic_mmHg]],"/",EHR[[#This Row],[BP_Diastolic_mmHg]]) -> Not Recorded/106 | AE121: 57 | AF121: 20 | AG121: 36.1 | AH121: 23.5 | AI121: =IF(EHR[[#This Row],[BMI_kg_m2]]>=30,"Obese","Non-Obese") -> Non-Obese | AJ121: 98 | AK121: 8480-6 | AL121: 8462-4 | AM121: 8867-4 | AN121: 39156-5 | AO121: 59408-5
A122: PID-0038 | B122: ENC-0038-01 | C122: 45070 | D122: Follow-up | E122: Riverside Specialist Centre | F122: Kitale | G122: Dr. T. Osei | H122: 35921 | I122: 27 | J122: {=_xlfn.IFS(EHR[[#This Row],[Age_at_Encounter]]<18,"Adolescent",AND(EHR[[#This Row],[Age_at_Encounter]]>=18,EHR[[#This Row],[Age_at_Encounter]]<=34),"Young Adults",AND(EHR[[#This Row],[Age_at_Encounter]]>=35,EHR[[#This Row],[Age_at_Encounter]]<=49),"Middle Age",AND(EHR[[#This Row],[Age_at_Encounter]]>=50,EHR[[#This Row],[Age_at_Encounter]]<=64),"Late middle Age",EHR[[#This Row],[Age_at_Encounter]]>=65,"Senior Adults")} -> Young Adults | K122: Female | L122: Middle Eastern | M122: Employer | N122: Current | O122: Unknown | P122: 3A00 | Q122: =_xlfn.XLOOKUP(EHR[[#This Row],[Primary_ICD11_Code]],'03_ICD11_Reference'!A:A,'03_ICD11_Reference'!D:D,,0) -> Haematological | R122: Iron deficiency anaemia | S122: No | T122: Levothyroxine 50mcg OD | U122: 1 | V122: =_xlfn.XLOOKUP(EHR[[#This Row],[Encounter_ID]],'02_Lab_Results'!B:B,'02_Lab_Results'!D:D,,0) -> 2093-3 | W122: =_xlfn.XLOOKUP(EHR[[#This Row],[LOINC Code]],'04_LOINC_Reference'!A:A,'04_LOINC_Reference'!F:F,,0) -> Biochemistry | X122: =_xlfn.XLOOKUP(EHR[[#This Row],[LOINC Code]],'02_Lab_Results'!D:D,'02_Lab_Results'!E:E,,0) -> Total cholesterol | Y122: =_xlfn.XLOOKUP(EHR[[#This Row],[LOINC Code]],'02_Lab_Results'!D:D,'02_Lab_Results'!J:J,,0) -> Normal | Z122: {=_xlfn.XLOOKUP(1,(B122=B$2:B$500)*(V$2:V$500="4548-4"),Y$2:Y$500,"Not Tested")} -> Not Tested | AA122: 166 | AB122: 96 | AC122: =IF(AND(EHR[[#This Row],[BP_Systolic_mmHg]]<140,EHR[[#This Row],[BP_Diastolic_mmHg]]<90),"Controlled",IF(OR(EHR[[#This Row],[BP_Systolic_mmHg]]="Not Recorded",EHR[[#This Row],[BP_Diastolic_mmHg]]="Not Recorded"),"No Reading","Uncontrolled")) -> Uncontrolled | AD122: =_xlfn.CONCAT(EHR[[#This Row],[BP_Systolic_mmHg]],"/",EHR[[#This Row],[BP_Diastolic_mmHg]]) -> 166/96 | AE122: 56 | AF122: 24 | AG122: 37.1 | AH122: 20.3 | AI122: =IF(EHR[[#This Row],[BMI_kg_m2]]>=30,"Obese","Non-Obese") -> Non-Obese | AJ122: 90 | AK122: 8480-6 | AL122: 8462-4 | AM122: 8867-4 | AN122: 39156-5 | AO122: 59408-5
A123: PID-0038 | B123: ENC-0038-02 | C123: 45261 | D123: Outpatient | E123: Metro Emergency Unit | F123: Kisumu | G123: Dr. T. Osei | H123: 35921 | I123: 27 | J123: {=_xlfn.IFS(EHR[[#This Row],[Age_at_Encounter]]<18,"Adolescent",AND(EHR[[#This Row],[Age_at_Encounter]]>=18,EHR[[#This Row],[Age_at_Encounter]]<=34),"Young Adults",AND(EHR[[#This Row],[Age_at_Encounter]]>=35,EHR[[#This Row],[Age_at_Encounter]]<=49),"Middle Age",AND(EHR[[#This Row],[Age_at_Encounter]]>=50,EHR[[#This Row],[Age_at_Encounter]]<=64),"Late middle Age",EHR[[#This Row],[Age_at_Encounter]]>=65,"Senior Adults")} -> Young Adults | K123: Female | L123: Hispanic/Latino | M123: Employer | N123: Current | O123: Unknown | P123: 3A00 | Q123: =_xlfn.XLOOKUP(EHR[[#This Row],[Primary_ICD11_Code]],'03_ICD11_Reference'!A:A,'03_ICD11_Reference'!D:D,,0) -> Haematological | R123: Iron deficiency anaemia | S123: No | T123: Metformin 1g BD; Omeprazole 20mg OD; Aspirin 75mg OD; None | U123: 4 | V123: =_xlfn.XLOOKUP(EHR[[#This Row],[Encounter_ID]],'02_Lab_Results'!B:B,'02_Lab_Results'!D:D,,0) -> 2085-9 | W123: =_xlfn.XLOOKUP(EHR[[#This Row],[LOINC Code]],'04_LOINC_Reference'!A:A,'04_LOINC_Reference'!F:F,,0) -> Biochemistry | X123: =_xlfn.XLOOKUP(EHR[[#This Row],[LOINC Code]],'02_Lab_Results'!D:D,'02_Lab_Results'!E:E,,0) -> HDL cholesterol | Y123: =_xlfn.XLOOKUP(EHR[[#This Row],[LOINC Code]],'02_Lab_Results'!D:D,'02_Lab_Results'!J:J,,0) -> Normal | Z123: {=_xlfn.XLOOKUP(1,(B123=B$2:B$500)*(V$2:V$500="4548-4"),Y$2:Y$500,"Not Tested")} -> Not Tested | AA123: 98 | AB123: 71 | AC123: =IF(AND(EHR[[#This Row],[BP_Systolic_mmHg]]<140,EHR[[#This Row],[BP_Diastolic_mmHg]]<90),"Controlled",IF(OR(EHR[[#This Row],[BP_Systolic_mmHg]]="Not Recorded",EHR[[#This Row],[BP_Diastolic_mmHg]]="Not Recorded"),"No Reading","Uncontrolled")) -> Controlled | AD123: =_xlfn.CONCAT(EHR[[#This Row],[BP_Systolic_mmHg]],"/",EHR[[#This Row],[BP_Diastolic_mmHg]]) -> 98/71 | AE123: 124 | AF123: 20 | AG123: 37.1 | AH123: 44.3 | AI123: =IF(EHR[[#This Row],[BMI_kg_m2]]>=30,"Obese","Non-Obese") -> Obese | AJ123: 93 | AK123: 8480-6 | AL123: 8462-4 | AM123: 8867-4 | AN123: 39156-5 | AO123: 59408-5
A124: PID-0038 | B124: ENC-0038-03 | C124: 45729 | D124: Emergency | E124: Community Health Centre | F124: Nyeri | G124: Dr. T. Osei | H124: 35921 | I124: 27 | J124: {=_xlfn.IFS(EHR[[#This Row],[Age_at_Encounter]]<18,"Adolescent",AND(EHR[[#This Row],[Age_at_Encounter]]>=18,EHR[[#This Row],[Age_at_Encounter]]<=34),"Young Adults",AND(EHR[[#This Row],[Age_at_Encounter]]>=35,EHR[[#This Row],[Age_at_Encounter]]<=49),"Middle Age",AND(EHR[[#This Row],[Age_at_Encounter]]>=50,EHR[[#This Row],[Age_at_Encounter]]<=64),"Late middle Age",EHR[[#This Row],[Age_at_Encounter]]>=65,"Senior Adults")} -> Young Adults | K124: Female | L124: Black African | M124: Employer | N124: Current | O124: Unknown | P124: 3A00 | Q124: =_xlfn.XLOOKUP(EHR[[#This Row],[Primary_ICD11_Code]],'03_ICD11_Reference'!A:A,'03_ICD11_Reference'!D:D,,0) -> Haematological | R124: Iron deficiency anaemia | S124: No | T124: Atorvastatin 40mg ON; Salbutamol 100mcg PRN; Metformin 1g BD | U124: 3 | V124: =_xlfn.XLOOKUP(EHR[[#This Row],[Encounter_ID]],'02_Lab_Results'!B:B,'02_Lab_Results'!D:D,,0) -> 2823-3 | W124: =_xlfn.XLOOKUP(EHR[[#This Row],[LOINC Code]],'04_LOINC_Reference'!A:A,'04_LOINC_Reference'!F:F,,0) -> Biochemistry | X124: =_xlfn.XLOOKUP(EHR[[#This Row],[LOINC Code]],'02_Lab_Results'!D:D,'02_Lab_Results'!E:E,,0) -> Serum potassium | Y124: =_xlfn.XLOOKUP(EHR[[#This Row],[LOINC Code]],'02_Lab_Results'!D:D,'02_Lab_Results'!J:J,,0) -> Normal | Z124: {=_xlfn.XLOOKUP(1,(B124=B$2:B$500)*(V$2:V$500="4548-4"),Y$2:Y$500,"Not Tested")} -> Not Tested | AA124: 152 | AB124: 99 | AC124: =IF(AND(EHR[[#This Row],[BP_Systolic_mmHg]]<140,EHR[[#This Row],[BP_Diastolic_mmHg]]<90),"Controlled",IF(OR(EHR[[#This Row],[BP_Systolic_mmHg]]="Not Recorded",EHR[[#This Row],[BP_Diastolic_mmHg]]="Not Recorded"),"No Reading","Uncontrolled")) -> Uncontrolled | AD124: =_xlfn.CONCAT(EHR[[#This Row],[BP_Systolic_mmHg]],"/",EHR[[#This Row],[BP_Diastolic_mmHg]]) -> 152/99 | AE124: 74 | AF124: 14 | AG124: 36 | AH124: 26.3 | AI124: =IF(EHR[[#This Row],[BMI_kg_m2]]>=30,"Obese","Non-Obese") -> Non-Obese | AJ124: 92 | AK124: 8480-6 | AL124: 8462-4 | AM124: 8867-4 | AN124: 39156-5 | AO124: 59408-5
A125: PID-0039 | B125: ENC-0039-01 | C125: 45324 | D125: Inpatient | E125: Metro Emergency Unit | F125: Nyeri | G125: Dr. L. Patel | H125: 35234 | I125: 29 | J125: {=_xlfn.IFS(EHR[[#This Row],[Age_at_Encounter]]<18,"Adolescent",AND(EHR[[#This Row],[Age_at_Encounter]]>=18,EHR[[#This Row],[Age_at_Encounter]]<=34),"Young Adults",AND(EHR[[#This Row],[Age_at_Encounter]]>=35,EHR[[#This Row],[Age_at_Encounter]]<=49),"Middle Age",AND(EHR[[#This Row],[Age_at_Encounter]]>=50,EHR[[#This Row],[Age_at_Encounter]]<=64),"Late middle Age",EHR[[#This Row],[Age_at_Encounter]]>=65,"Senior Adults")} -> Young Adults | K125: Male | L125: Black African | M125: Private | N125: Unknown | O125: None | P125: CA80 | Q125: =_xlfn.XLOOKUP(EHR[[#This Row],[Primary_ICD11_Code]],'03_ICD11_Reference'!A:A,'03_ICD11_Reference'!D:D,,0) -> Respiratory | R125: Asthma | S125: Yes | T125: Salbutamol 100mcg PRN; Bisoprolol 5mg OD | U125: 2 | V125: =_xlfn.XLOOKUP(EHR[[#This Row],[Encounter_ID]],'02_Lab_Results'!B:B,'02_Lab_Results'!D:D,,0) -> 789-8 | W125: =_xlfn.XLOOKUP(EHR[[#This Row],[LOINC Code]],'04_LOINC_Reference'!A:A,'04_LOINC_Reference'!F:F,,0) -> Biochemistry | X125: =_xlfn.XLOOKUP(EHR[[#This Row],[LOINC Code]],'02_Lab_Results'!D:D,'02_Lab_Results'!E:E,,0) -> RBC count | Y125: =_xlfn.XLOOKUP(EHR[[#This Row],[LOINC Code]],'02_Lab_Results'!D:D,'02_Lab_Results'!J:J,,0) -> High | Z125: {=_xlfn.XLOOKUP(1,(B125=B$2:B$500)*(V$2:V$500="4548-4"),Y$2:Y$500,"Not Tested")} -> Not Tested | AA125: 165 | AB125: 98 | AC125: =IF(AND(EHR[[#This Row],[BP_Systolic_mmHg]]<140,EHR[[#This Row],[BP_Diastolic_mmHg]]<90),"Controlled",IF(OR(EHR[[#This Row],[BP_Systolic_mmHg]]="Not Recorded",EHR[[#This Row],[BP_Diastolic_mmHg]]="Not Recorded"),"No Reading","Uncontrolled")) -> Uncontrolled | AD125: =_xlfn.CONCAT(EHR[[#This Row],[BP_Systolic_mmHg]],"/",EHR[[#This Row],[BP_Diastolic_mmHg]]) -> 165/98 | AE125: 92 | AF125: 28 | AG125: 36.8 | AH125: 32.4 | AI125: =IF(EHR[[#This Row],[BMI_kg_m2]]>=30,"Obese","Non-Obese") -> Obese | AJ125: 96 | AK125: 8480-6 | AL125: 8462-4 | AM125: 8867-4 | AN125: 39156-5 | AO125: 59408-5
A126: PID-0039 | B126: ENC-0039-02 | C126: 45098 | D126: Emergency | E126: Metro Emergency Unit | F126: Nairobi | G126: Dr. T. Osei | H126: 35234 | I126: 29 | J126: {=_xlfn.IFS(EHR[[#This Row],[Age_at_Encounter]]<18,"Adolescent",AND(EHR[[#This Row],[Age_at_Encounter]]>=18,EHR[[#This Row],[Age_at_Encounter]]<=34),"Young Adults",AND(EHR[[#This Row],[Age_at_Encounter]]>=35,EHR[[#This Row],[Age_at_Encounter]]<=49),"Middle Age",AND(EHR[[#This Row],[Age_at_Encounter]]>=50,EHR[[#This Row],[Age_at_Encounter]]<=64),"Late middle Age",EHR[[#This Row],[Age_at_Encounter]]>=65,"Senior Adults")} -> Young Adults | K126: Male | L126: South Asian | M126: Private | N126: Unknown | O126: None | P126: CA80 | Q126: =_xlfn.XLOOKUP(EHR[[#This Row],[Primary_ICD11_Code]],'03_ICD11_Reference'!A:A,'03_ICD11_Reference'!D:D,,0) -> Respiratory | R126: Asthma | S126: Yes | T126: Metoprolol 50mg BD; Atorvastatin 40mg ON | U126: 2 | V126: =_xlfn.XLOOKUP(EHR[[#This Row],[Encounter_ID]],'02_Lab_Results'!B:B,'02_Lab_Results'!D:D,,0) -> 14627-4 | W126: =_xlfn.XLOOKUP(EHR[[#This Row],[LOINC Code]],'04_LOINC_Reference'!A:A,'04_LOINC_Reference'!F:F,,0) -> Biochemistry | X126: =_xlfn.XLOOKUP(EHR[[#This Row],[LOINC Code]],'02_Lab_Results'!D:D,'02_Lab_Results'!E:E,,0) -> eGFR (CKD-EPI) | Y126: =_xlfn.XLOOKUP(EHR[[#This Row],[LOINC Code]],'02_Lab_Results'!D:D,'02_Lab_Results'!J:J,,0) -> High | Z126: {=_xlfn.XLOOKUP(1,(B126=B$2:B$500)*(V$2:V$500="4548-4"),Y$2:Y$500,"Not Tested")} -> Not Tested | AA126: 134 | AB126: 80 | AC126: =IF(AND(EHR[[#This Row],[BP_Systolic_mmHg]]<140,EHR[[#This Row],[BP_Diastolic_mmHg]]<90),"Controlled",IF(OR(EHR[[#This Row],[BP_Systolic_mmHg]]="Not Recorded",EHR[[#This Row],[BP_Diastolic_mmHg]]="Not Recorded"),"No Reading","Uncontrolled")) -> Controlled | AD126: =_xlfn.CONCAT(EHR[[#This Row],[BP_Systolic_mmHg]],"/",EHR[[#This Row],[BP_Diastolic_mmHg]]) -> 134/80 | AE126: 86 | AF126: 13 | AG126: 36.8 | AH126: 24.5 | AI126: =IF(EHR[[#This Row],[BMI_kg_m2]]>=30,"Obese","Non-Obese") -> Non-Obese | AJ126: 95 | AK126: 8480-6 | AL126: 8462-4 | AM126: 8867-4 | AN126: 39156-5 | AO126: 59408-5
A127: PID-0039 | B127: ENC-0039-03 | C127: 45562 | D127: Inpatient | E127: Eastside Clinic | F127: Malindi | G127: Dr. F. Hassan | H127: 35234 | I127: 29 | J127: {=_xlfn.IFS(EHR[[#This Row],[Age_at_Encounter]]<18,"Adolescent",AND(EHR[[#This Row],[Age_at_Encounter]]>=18,EHR[[#This Row],[Age_at_Encounter]]<=34),"Young Adults",AND(EHR[[#This Row],[Age_at_Encounter]]>=35,EHR[[#This Row],[Age_at_Encounter]]<=49),"Middle Age",AND(EHR[[#This Row],[Age_at_Encounter]]>=50,EHR[[#This Row],[Age_at_Encounter]]<=64),"Late middle Age",EHR[[#This Row],[Age_at_Encounter]]>=65,"Senior Adults")} -> Young Adults | K127: Male | L127: South Asian | M127: Private | N127: Unknown | O127: None | P127: CA80 | Q127: =_xlfn.XLOOKUP(EHR[[#This Row],[Primary_ICD11_Code]],'03_ICD11_Reference'!A:A,'03_ICD11_Reference'!D:D,,0) -> Respiratory | R127: Asthma | S127: Yes | T127: Levothyroxine 50mcg OD; Warfarin (variable); Dapagliflozin 10mg OD | U127: 3 | V127: =_xlfn.XLOOKUP(EHR[[#This Row],[Encounter_ID]],'02_Lab_Results'!B:B,'02_Lab_Results'!D:D,,0) -> 17861-6 | W127: =_xlfn.XLOOKUP(EHR[[#This Row],[LOINC Code]],'04_LOINC_Reference'!A:A,'04_LOINC_Reference'!F:F,,0) -> Biochemistry | X127: =_xlfn.XLOOKUP(EHR[[#This Row],[LOINC Code]],'02_Lab_Results'!D:D,'02_Lab_Results'!E:E,,0) -> Serum calcium | Y127: =_xlfn.XLOOKUP(EHR[[#This Row],[LOINC Code]],'02_Lab_Results'!D:D,'02_Lab_Results'!J:J,,0) -> High | Z127: {=_xlfn.XLOOKUP(1,(B127=B$2:B$500)*(V$2:V$500="4548-4"),Y$2:Y$500,"Not Tested")} -> Not Tested | AA127: 129 | AB127: 107 | AC127: =IF(AND(EHR[[#This Row],[BP_Systolic_mmHg]]<140,EHR[[#This Row],[BP_Diastolic_mmHg]]<90),"Controlled",IF(OR(EHR[[#This Row],[BP_Systolic_mmHg]]="Not Recorded",EHR[[#This Row],[BP_Diastolic_mmHg]]="Not Recorded"),"No Reading","Uncontrolled")) -> Uncontrolled | AD127: =_xlfn.CONCAT(EHR[[#This Row],[BP_Systolic_mmHg]],"/",EHR[[#This Row],[BP_Diastolic_mmHg]]) -> 129/107 | AE127: 83 | AF127: 19 | AG127: 38.6 | AH127: 36.1 | AI127: =IF(EHR[[#This Row],[BMI_kg_m2]]>=30,"Obese","Non-Obese") -> Obese | AJ127: 95 | AK127: 8480-6 | AL127: 8462-4 | AM127: 8867-4 | AN127: 39156-5 | AO127: 59408-5
A128: PID-0039 | B128: ENC-0039-04 | C128: 45679 | D128: Emergency | E128: Riverside Specialist Centre | F128: Garissa | G128: Dr. L. Patel | H128: 35234 | I128: 29 | J128: {=_xlfn.IFS(EHR[[#This Row],[Age_at_Encounter]]<18,"Adolescent",AND(EHR[[#This Row],[Age_at_Encounter]]>=18,EHR[[#This Row],[Age_at_Encounter]]<=34),"Young Adults",AND(EHR[[#This Row],[Age_at_Encounter]]>=35,EHR[[#This Row],[Age_at_Encounter]]<=49),"Middle Age",AND(EHR[[#This Row],[Age_at_Encounter]]>=50,EHR[[#This Row],[Age_at_Encounter]]<=64),"Late middle Age",EHR[[#This Row],[Age_at_Encounter]]>=65,"Senior Adults")} -> Young Adults | K128: Male | L128: Hispanic/Latino | M128: Private | N128: Unknown | O128: None | P128: CA80 | Q128: =_xlfn.XLOOKUP(EHR[[#This Row],[Primary_ICD11_Code]],'03_ICD11_Reference'!A:A,'03_ICD11_Reference'!D:D,,0) -> Respiratory | R128: Asthma | S128: Yes | T128: Clopidogrel 75mg OD | U128: 1 | V128: =_xlfn.XLOOKUP(EHR[[#This Row],[Encounter_ID]],'02_Lab_Results'!B:B,'02_Lab_Results'!D:D,,0) -> 6768-6 | W128: =_xlfn.XLOOKUP(EHR[[#This Row],[LOINC Code]],'04_LOINC_Reference'!A:A,'04_LOINC_Reference'!F:F,,0) -> Biochemistry | X128: =_xlfn.XLOOKUP(EHR[[#This Row],[LOINC Code]],'02_Lab_Results'!D:D,'02_Lab_Results'!E:E,,0) -> ALP | Y128: =_xlfn.XLOOKUP(EHR[[#This Row],[LOINC Code]],'02_Lab_Results'!D:D,'02_Lab_Results'!J:J,,0) -> High | Z128: {=_xlfn.XLOOKUP(1,(B128=B$2:B$500)*(V$2:V$500="4548-4"),Y$2:Y$500,"Not Tested")} -> Not Tested | AA128: 158 | AB128: 84 | AC128: =IF(AND(EHR[[#This Row],[BP_Systolic_mmHg]]<140,EHR[[#This Row],[BP_Diastolic_mmHg]]<90),"Controlled",IF(OR(EHR[[#This Row],[BP_Systolic_mmHg]]="Not Recorded",EHR[[#This Row],[BP_Diastolic_mmHg]]="Not Recorded"),"No Reading","Uncontrolled")) -> Uncontrolled | AD128: =_xlfn.CONCAT(EHR[[#This Row],[BP_Systolic_mmHg]],"/",EHR[[#This Row],[BP_Diastolic_mmHg]]) -> 158/84 | AE128: 93 | AF128: 16 | AG128: 37.2 | AH128: 40.8 | AI128: =IF(EHR[[#This Row],[BMI_kg_m2]]>=30,"Obese","Non-Obese") -> Obese | AJ128: 92 | AK128: 8480-6 | AL128: 8462-4 | AM128: 8867-4 | AN128: 39156-5 | AO128: 59408-5
A129: PID-0039 | B129: ENC-0039-05 | C129: 45713 | D129: Inpatient | E129: Eastside Clinic | F129: Malindi | G129: Dr. T. Osei | H129: 35234 | I129: 29 | J129: {=_xlfn.IFS(EHR[[#This Row],[Age_at_Encounter]]<18,"Adolescent",AND(EHR[[#This Row],[Age_at_Encounter]]>=18,EHR[[#This Row],[Age_at_Encounter]]<=34),"Young Adults",AND(EHR[[#This Row],[Age_at_Encounter]]>=35,EHR[[#This Row],[Age_at_Encounter]]<=49),"Middle Age",AND(EHR[[#This Row],[Age_at_Encounter]]>=50,EHR[[#This Row],[Age_at_Encounter]]<=64),"Late middle Age",EHR[[#This Row],[Age_at_Encounter]]>=65,"Senior Adults")} -> Young Adults | K129: Male | L129: Black African | M129: Private | N129: Unknown | O129: None | P129: CA80 | Q129: =_xlfn.XLOOKUP(EHR[[#This Row],[Primary_ICD11_Code]],'03_ICD11_Reference'!A:A,'03_ICD11_Reference'!D:D,,0) -> Respiratory | R129: Asthma | S129: Yes | T129: Dapagliflozin 10mg OD; Salbutamol 100mcg PRN; Omeprazole 20mg OD; Aspirin 75mg OD | U129: 4 | V129: =_xlfn.XLOOKUP(EHR[[#This Row],[Encounter_ID]],'02_Lab_Results'!B:B,'02_Lab_Results'!D:D,,0) -> 17861-6 | W129: =_xlfn.XLOOKUP(EHR[[#This Row],[LOINC Code]],'04_LOINC_Reference'!A:A,'04_LOINC_Reference'!F:F,,0) -> Biochemistry | X129: =_xlfn.XLOOKUP(EHR[[#This Row],[LOINC Code]],'02_Lab_Results'!D:D,'02_Lab_Results'!E:E,,0) -> Serum calcium | Y129: =_xlfn.XLOOKUP(EHR[[#This Row],[LOINC Code]],'02_Lab_Results'!D:D,'02_Lab_Results'!J:J,,0) -> High | Z129: {=_xlfn.XLOOKUP(1,(B129=B$2:B$500)*(V$2:V$500="4548-4"),Y$2:Y$500,"Not Tested")} -> Not Tested | AA129: 145 | AB129: 112 | AC129: =IF(AND(EHR[[#This Row],[BP_Systolic_mmHg]]<140,EHR[[#This Row],[BP_Diastolic_mmHg]]<90),"Controlled",IF(OR(EHR[[#This Row],[BP_Systolic_mmHg]]="Not Recorded",EHR[[#This Row],[BP_Diastolic_mmHg]]="Not Recorded"),"No Reading","Uncontrolled")) -> Uncontrolled | AD129: =_xlfn.CONCAT(EHR[[#This Row],[BP_Systolic_mmHg]],"/",EHR[[#This Row],[BP_Diastolic_mmHg]]) -> 145/112 | AE129: 85 | AF129: 23 | AG129: 37.4 | AH129: 25.8 | AI129: =IF(EHR[[#This Row],[BMI_kg_m2]]>=30,"Obese","Non-Obese") -> Non-Obese | AJ129: 96 | AK129: 8480-6 | AL129: 8462-4 | AM129: 8867-4 | AN129: 39156-5 | AO129: 59408-5
A130: PID-0040 | B130: ENC-0040-01 | C130: 45476 | D130: Outpatient | E130: Metro Emergency Unit | F130: Nakuru | G130: Dr. R. Mendes | H130: 17088 | I130: 79 | J130: {=_xlfn.IFS(EHR[[#This Row],[Age_at_Encounter]]<18,"Adolescent",AND(EHR[[#This Row],[Age_at_Encounter]]>=18,EHR[[#This Row],[Age_at_Encounter]]<=34),"Young Adults",AND(EHR[[#This Row],[Age_at_Encounter]]>=35,EHR[[#This Row],[Age_at_Encounter]]<=49),"Middle Age",AND(EHR[[#This Row],[Age_at_Encounter]]>=50,EHR[[#This Row],[Age_at_Encounter]]<=64),"Late middle Age",EHR[[#This Row],[Age_at_Encounter]]>=65,"Senior Adults")} -> Senior Adults | K130: Female | L130: East Asian | M130: Employer | N130: Never | O130: Regular | P130: BA80,5A11,5A00 | Q130: =_xlfn.XLOOKUP(EHR[[#This Row],[Primary_ICD11_Code]],'03_ICD11_Reference'!A:A,'03_ICD11_Reference'!D:D,,0) -> Multi-system | R130: Metabolic syndrome | S130: Yes | T130: Levothyroxine 50mcg OD; Ramipril 5mg OD; Atorvastatin 40mg ON; Amlodipine 5mg OD | U130: 4 | V130: =_xlfn.XLOOKUP(EHR[[#This Row],[Encounter_ID]],'02_Lab_Results'!B:B,'02_Lab_Results'!D:D,,0) -> 2951-2 | W130: =_xlfn.XLOOKUP(EHR[[#This Row],[LOINC Code]],'04_LOINC_Reference'!A:A,'04_LOINC_Reference'!F:F,,0) -> Biochemistry | X130: =_xlfn.XLOOKUP(EHR[[#This Row],[LOINC Code]],'02_Lab_Results'!D:D,'02_Lab_Results'!E:E,,0) -> Serum sodium | Y130: =_xlfn.XLOOKUP(EHR[[#This Row],[LOINC Code]],'02_Lab_Results'!D:D,'02_Lab_Results'!J:J,,0) -> Low | Z130: {=_xlfn.XLOOKUP(1,(B130=B$2:B$500)*(V$2:V$500="4548-4"),Y$2:Y$500,"Not Tested")} -> Not Tested | AA130: 148 | AB130: 110 | AC130: =IF(AND(EHR[[#This Row],[BP_Systolic_mmHg]]<140,EHR[[#This Row],[BP_Diastolic_mmHg]]<90),"Controlled",IF(OR(EHR[[#This Row],[BP_Systolic_mmHg]]="Not Recorded",EHR[[#This Row],[BP_Diastolic_mmHg]]="Not Recorded"),"No Reading","Uncontrolled")) -> Uncontrolled | AD130: =_xlfn.CONCAT(EHR[[#This Row],[BP_Systolic_mmHg]],"/",EHR[[#This Row],[BP_Diastolic_mmHg]]) -> 148/110 | AE130: 58 | AF130: 16 | AG130: 38.1 | AH130: 22.2 | AI130: =IF(EHR[[#This Row],[BMI_kg_m2]]>=30,"Obese","Non-Obese") -> Non-Obese | AJ130: 95 | AK130: 8480-6 | AL130: 8462-4 | AM130: 8867-4 | AN130: 39156-5 | AO130: 59408-5
A131: PID-0040 | B131: ENC-0040-02 | C131: 45310 | D131: Inpatient | E131: Metro Emergency Unit | F131: Nyeri | G131: Dr. R. Mendes | H131: 17088 | I131: 79 | J131: {=_xlfn.IFS(EHR[[#This Row],[Age_at_Encounter]]<18,"Adolescent",AND(EHR[[#This Row],[Age_at_Encounter]]>=18,EHR[[#This Row],[Age_at_Encounter]]<=34),"Young Adults",AND(EHR[[#This Row],[Age_at_Encounter]]>=35,EHR[[#This Row],[Age_at_Encounter]]<=49),"Middle Age",AND(EHR[[#This Row],[Age_at_Encounter]]>=50,EHR[[#This Row],[Age_at_Encounter]]<=64),"Late middle Age",EHR[[#This Row],[Age_at_Encounter]]>=65,"Senior Adults")} -> Senior Adults | K131: Female | L131: Mixed/Other | M131: Employer | N131: Never | O131: Regular | P131: BA80,5A11,5A00 | Q131: =_xlfn.XLOOKUP(EHR[[#This Row],[Primary_ICD11_Code]],'03_ICD11_Reference'!A:A,'03_ICD11_Reference'!D:D,,0) -> Multi-system | R131: Metabolic syndrome | S131: Yes | T131: Metformin 1g BD; Atorvastatin 40mg ON; Salbutamol 100mcg PRN; Insulin glargine 20u ON | U131: 4 | V131: =_xlfn.XLOOKUP(EHR[[#This Row],[Encounter_ID]],'02_Lab_Results'!B:B,'02_Lab_Results'!D:D,,0) -> 2085-9 | W131: =_xlfn.XLOOKUP(EHR[[#This Row],[LOINC Code]],'04_LOINC_Reference'!A:A,'04_LOINC_Reference'!F:F,,0) -> Biochemistry | X131: =_xlfn.XLOOKUP(EHR[[#This Row],[LOINC Code]],'02_Lab_Results'!D:D,'02_Lab_Results'!E:E,,0) -> HDL cholesterol | Y131: =_xlfn.XLOOKUP(EHR[[#This Row],[LOINC Code]],'02_Lab_Results'!D:D,'02_Lab_Results'!J:J,,0) -> Normal | Z131: {=_xlfn.XLOOKUP(1,(B131=B$2:B$500)*(V$2:V$500="4548-4"),Y$2:Y$500,"Not Tested")} -> Not Tested | AA131: 130 | AB131: 101 | AC131: =IF(AND(EHR[[#This Row],[BP_Systolic_mmHg]]<140,EHR[[#This Row],[BP_Diastolic_mmHg]]<90),"Controlled",IF(OR(EHR[[#This Row],[BP_Systolic_mmHg]]="Not Recorded",EHR[[#This Row],[BP_Diastolic_mmHg]]="Not Recorded"),"No Reading","Uncontrolled")) -> Uncontrolled | AD131: =_xlfn.CONCAT(EHR[[#This Row],[BP_Systolic_mmHg]],"/",EHR[[#This Row],[BP_Diastolic_mmHg]]) -> 130/101 | AE131: 94 | AF131: 20 | AG131: 37.1 | AH131: 18.2 | AI131: =IF(EHR[[#This Row],[BMI_kg_m2]]>=30,"Obese","Non-Obese") -> Non-Obese | AJ131: 88 | AK131: 8480-6 | AL131: 8462-4 | AM131: 8867-4 | AN131: 39156-5 | AO131: 59408-5
A132: PID-0040 | B132: ENC-0040-03 | C132: 45421 | D132: Outpatient | E132: Eastside Clinic | F132: Nakuru | G132: Dr. L. Patel | H132: 17088 | I132: 79 | J132: {=_xlfn.IFS(EHR[[#This Row],[Age_at_Encounter]]<18,"Adolescent",AND(EHR[[#This Row],[Age_at_Encounter]]>=18,EHR[[#This Row],[Age_at_Encounter]]<=34),"Young Adults",AND(EHR[[#This Row],[Age_at_Encounter]]>=35,EHR[[#This Row],[Age_at_Encounter]]<=49),"Middle Age",AND(EHR[[#This Row],[Age_at_Encounter]]>=50,EHR[[#This Row],[Age_at_Encounter]]<=64),"Late middle Age",EHR[[#This Row],[Age_at_Encounter]]>=65,"Senior Adults")} -> Senior Adults | K132: Female | L132: Mixed/Other | M132: Employer | N132: Never | O132: Regular | P132: BA80,5A11,5A00 | Q132: =_xlfn.XLOOKUP(EHR[[#This Row],[Primary_ICD11_Code]],'03_ICD11_Reference'!A:A,'03_ICD11_Reference'!D:D,,0) -> Multi-system | R132: Metabolic syndrome | S132: Yes | T132: Levothyroxine 50mcg OD | U132: 1 | V132: =_xlfn.XLOOKUP(EHR[[#This Row],[Encounter_ID]],'02_Lab_Results'!B:B,'02_Lab_Results'!D:D,,0) -> 14627-4 | W132: =_xlfn.XLOOKUP(EHR[[#This Row],[LOINC Code]],'04_LOINC_Reference'!A:A,'04_LOINC_Reference'!F:F,,0) -> Biochemistry | X132: =_xlfn.XLOOKUP(EHR[[#This Row],[LOINC Code]],'02_Lab_Results'!D:D,'02_Lab_Results'!E:E,,0) -> eGFR (CKD-EPI) | Y132: =_xlfn.XLOOKUP(EHR[[#This Row],[LOINC Code]],'02_Lab_Results'!D:D,'02_Lab_Results'!J:J,,0) -> High | Z132: {=_xlfn.XLOOKUP(1,(B132=B$2:B$500)*(V$2:V$500="4548-4"),Y$2:Y$500,"Not Tested")} -> Not Tested | AA132: 126 | AB132: 61 | AC132: =IF(AND(EHR[[#This Row],[BP_Systolic_mmHg]]<140,EHR[[#This Row],[BP_Diastolic_mmHg]]<90),"Controlled",IF(OR(EHR[[#This Row],[BP_Systolic_mmHg]]="Not Recorded",EHR[[#This Row],[BP_Diastolic_mmHg]]="Not Recorded"),"No Reading","Uncontrolled")) -> Controlled | AD132: =_xlfn.CONCAT(EHR[[#This Row],[BP_Systolic_mmHg]],"/",EHR[[#This Row],[BP_Diastolic_mmHg]]) -> 126/61 | AE132: 104 | AF132: 19 | AG132: 36.2 | AH132: 18.8 | AI132: =IF(EHR[[#This Row],[BMI_kg_m2]]>=30,"Obese","Non-Obese") -> Non-Obese | AJ132: 96 | AK132: 8480-6 | AL132: 8462-4 | AM132: 8867-4 | AN132: 39156-5 | AO132: 59408-5
A133: PID-0040 | B133: ENC-0040-04 | C133: 45090 | D133: Telehealth | E133: Central District Hospital | F133: Nakuru | G133: Dr. R. Mendes | H133: 17088 | I133: 79 | J133: {=_xlfn.IFS(EHR[[#This Row],[Age_at_Encounter]]<18,"Adolescent",AND(EHR[[#This Row],[Age_at_Encounter]]>=18,EHR[[#This Row],[Age_at_Encounter]]<=34),"Young Adults",AND(EHR[[#This Row],[Age_at_Encounter]]>=35,EHR[[#This Row],[Age_at_Encounter]]<=49),"Middle Age",AND(EHR[[#This Row],[Age_at_Encounter]]>=50,EHR[[#This Row],[Age_at_Encounter]]<=64),"Late middle Age",EHR[[#This Row],[Age_at_Encounter]]>=65,"Senior Adults")} -> Senior Adults | K133: Female | L133: South Asian | M133: Employer | N133: Never | O133: Regular | P133: BA80,5A11,5A00 | Q133: =_xlfn.XLOOKUP(EHR[[#This Row],[Primary_ICD11_Code]],'03_ICD11_Reference'!A:A,'03_ICD11_Reference'!D:D,,0) -> Multi-system | R133: Metabolic syndrome | S133: Yes | T133: Amlodipine 5mg OD; Warfarin (variable); Metoprolol 50mg BD; Ramipril 5mg OD | U133: 4 | V133: =_xlfn.XLOOKUP(EHR[[#This Row],[Encounter_ID]],'02_Lab_Results'!B:B,'02_Lab_Results'!D:D,,0) -> 6768-6 | W133: =_xlfn.XLOOKUP(EHR[[#This Row],[LOINC Code]],'04_LOINC_Reference'!A:A,'04_LOINC_Reference'!F:F,,0) -> Biochemistry | X133: =_xlfn.XLOOKUP(EHR[[#This Row],[LOINC Code]],'02_Lab_Results'!D:D,'02_Lab_Results'!E:E,,0) -> ALP | Y133: =_xlfn.XLOOKUP(EHR[[#This Row],[LOINC Code]],'02_Lab_Results'!D:D,'02_Lab_Results'!J:J,,0) -> High | Z133: {=_xlfn.XLOOKUP(1,(B133=B$2:B$500)*(V$2:V$500="4548-4"),Y$2:Y$500,"Not Tested")} -> Not Tested | AA133: 125 | AB133: 81 | AC133: =IF(AND(EHR[[#This Row],[BP_Systolic_mmHg]]<140,EHR[[#This Row],[BP_Diastolic_mmHg]]<90),"Controlled",IF(OR(EHR[[#This Row],[BP_Systolic_mmHg]]="Not Recorded",EHR[[#This Row],[BP_Diastolic_mmHg]]="Not Recorded"),"No Reading","Uncontrolled")) -> Controlled | AD133: =_xlfn.CONCAT(EHR[[#This Row],[BP_Systolic_mmHg]],"/",EHR[[#This Row],[BP_Diastolic_mmHg]]) -> 125/81 | AE133: 85 | AF133: 25 | AG133: 38 | AH133: 22.8 | AI133: =IF(EHR[[#This Row],[BMI_kg_m2]]>=30,"Obese","Non-Obese") -> Non-Obese | AJ133: 96 | AK133: 8480-6 | AL133: 8462-4 | AM133: 8867-4 | AN133: 39156-5 | AO133: 59408-5
... A145: PID-0042 | B145: ENC-0042-06 | C145: 45591 | D145: Telehealth | E145: Central District Hospital | F145: Kisumu | G145: Dr. R. Mendes | H145: 28241 | I145: 48 | J145: {=_xlfn.IFS(EHR[[#This Row],[Age_at_Encounter]]<18,"Adolescent",AND(EHR[[#This Row],[Age_at_Encounter]]>=18,EHR[[#This Row],[Age_at_Encounter]]<=34),"Young Adults",AND(EHR[[#This Row],[Age_at_Encounter]]>=35,EHR[[#This Row],[Age_at_Encounter]]<=49),"Middle Age",AND(EHR[[#This Row],[Age_at_Encounter]]>=50,EHR[[#This Row],[Age_at_Encounter]]<=64),"Late middle Age",EHR[[#This Row],[Age_at_Encounter]]>=65,"Senior Adults")} -> Middle Age | K145: Male | L145: Mixed/Other | M145: Employer | N145: Ex-smoker | O145: Occasional | P145: GC43 | Q145: =_xlfn.XLOOKUP(EHR[[#This Row],[Primary_ICD11_Code]],'03_ICD11_Reference'!A:A,'03_ICD11_Reference'!D:D,,0) -> Mental health | R145: Major depressive disorder | S145: Yes | T145: Warfarin (variable) | U145: 1 | V145: =_xlfn.XLOOKUP(EHR[[#This Row],[Encounter_ID]],'02_Lab_Results'!B:B,'02_Lab_Results'!D:D,,0) -> 2823-3 | W145: =_xlfn.XLOOKUP(EHR[[#This Row],[LOINC Code]],'04_LOINC_Reference'!A:A,'04_LOINC_Reference'!F:F,,0) -> Biochemistry | X145: =_xlfn.XLOOKUP(EHR[[#This Row],[LOINC Code]],'02_Lab_Results'!D:D,'02_Lab_Results'!E:E,,0) -> Serum potassium | Y145: =_xlfn.XLOOKUP(EHR[[#This Row],[LOINC Code]],'02_Lab_Results'!D:D,'02_Lab_Results'!J:J,,0) -> Normal | Z145: {=_xlfn.XLOOKUP(1,(B145=B$2:B$500)*(V$2:V$500="4548-4"),Y$2:Y$500,"Not Tested")} -> Not Tested | AA145: 110 | AB145: 79 | AC145: =IF(AND(EHR[[#This Row],[BP_Systolic_mmHg]]<140,EHR[[#This Row],[BP_Diastolic_mmHg]]<90),"Controlled",IF(OR(EHR[[#This Row],[BP_Systolic_mmHg]]="Not Recorded",EHR[[#This Row],[BP_Diastolic_mmHg]]="Not Recorded"),"No Reading","Uncontrolled")) -> Controlled | AD145: =_xlfn.CONCAT(EHR[[#This Row],[BP_Systolic_mmHg]],"/",EHR[[#This Row],[BP_Diastolic_mmHg]]) -> 110/79 | AE145: 73 | AF145: 23 | AG145: 36.7 | AH145: 36.2 | AI145: =IF(EHR[[#This Row],[BMI_kg_m2]]>=30,"Obese","Non-Obese") -> Obese | AJ145: 96 | AK145: 8480-6 | AL145: 8462-4 | AM145: 8867-4 | AN145: 39156-5 | AO145: 59408-5
A146: PID-0043 | B146: ENC-0043-01 | C146: 45319 | D146: Follow-up | E146: Riverside Specialist Centre | F146: Nairobi | G146: Dr. L. Patel | H146: 38740 | I146: 19 | J146: {=_xlfn.IFS(EHR[[#This Row],[Age_at_Encounter]]<18,"Adolescent",AND(EHR[[#This Row],[Age_at_Encounter]]>=18,EHR[[#This Row],[Age_at_Encounter]]<=34),"Young Adults",AND(EHR[[#This Row],[Age_at_Encounter]]>=35,EHR[[#This Row],[Age_at_Encounter]]<=49),"Middle Age",AND(EHR[[#This Row],[Age_at_Encounter]]>=50,EHR[[#This Row],[Age_at_Encounter]]<=64),"Late middle Age",EHR[[#This Row],[Age_at_Encounter]]>=65,"Senior Adults")} -> Young Adults | K146: Female | L146: East Asian | M146: Employer | N146: Ex-smoker | O146: Unknown | P146: 5A10 | Q146: =_xlfn.XLOOKUP(EHR[[#This Row],[Primary_ICD11_Code]],'03_ICD11_Reference'!A:A,'03_ICD11_Reference'!D:D,,0) -> Endocrine | R146: Type 1 diabetes mellitus | S146: Yes | T146: Salbutamol 100mcg PRN; Metformin 1g BD | U146: 2 | V146: =_xlfn.XLOOKUP(EHR[[#This Row],[Encounter_ID]],'02_Lab_Results'!B:B,'02_Lab_Results'!D:D,,0) -> 6768-6 | W146: =_xlfn.XLOOKUP(EHR[[#This Row],[LOINC Code]],'04_LOINC_Reference'!A:A,'04_LOINC_Reference'!F:F,,0) -> Biochemistry | X146: =_xlfn.XLOOKUP(EHR[[#This Row],[LOINC Code]],'02_Lab_Results'!D:D,'02_Lab_Results'!E:E,,0) -> ALP | Y146: =_xlfn.XLOOKUP(EHR[[#This Row],[LOINC Code]],'02_Lab_Results'!D:D,'02_Lab_Results'!J:J,,0) -> High | Z146: {=_xlfn.XLOOKUP(1,(B146=B$2:B$500)*(V$2:V$500="4548-4"),Y$2:Y$500,"Not Tested")} -> Not Tested | AA146: Not Recorded | AB146: Not Recorded | AC146: =IF(AND(EHR[[#This Row],[BP_Systolic_mmHg]]<140,EHR[[#This Row],[BP_Diastolic_mmHg]]<90),"Controlled",IF(OR(EHR[[#This Row],[BP_Systolic_mmHg]]="Not Recorded",EHR[[#This Row],[BP_Diastolic_mmHg]]="Not Recorded"),"No Reading","Uncontrolled")) -> No Reading | AD146: =_xlfn.CONCAT(EHR[[#This Row],[BP_Systolic_mmHg]],"/",EHR[[#This Row],[BP_Diastolic_mmHg]]) -> Not Recorded/Not Recorded | AE146: 58 | AF146: 18 | AG146: 37 | AH146: 28.4 | AI146: =IF(EHR[[#This Row],[BMI_kg_m2]]>=30,"Obese","Non-Obese") -> Non-Obese | AJ146: 98 | AK146: 8480-6 | AL146: 8462-4 | AM146: 8867-4 | AN146: 39156-5 | AO146: 59408-5
A147: PID-0044 | B147: ENC-0044-01 | C147: 45070 | D147: Emergency | E147: Riverside Specialist Centre | F147: Kitale | G147: Dr. R. Mendes | H147: 29255 | I147: 45 | J147: {=_xlfn.IFS(EHR[[#This Row],[Age_at_Encounter]]<18,"Adolescent",AND(EHR[[#This Row],[Age_at_Encounter]]>=18,EHR[[#This Row],[Age_at_Encounter]]<=34),"Young Adults",AND(EHR[[#This Row],[Age_at_Encounter]]>=35,EHR[[#This Row],[Age_at_Encounter]]<=49),"Middle Age",AND(EHR[[#This Row],[Age_at_Encounter]]>=50,EHR[[#This Row],[Age_at_Encounter]]<=64),"Late middle Age",EHR[[#This Row],[Age_at_Encounter]]>=65,"Senior Adults")} -> Middle Age | K147: Female | L147: Hispanic/Latino | M147: Employer | N147: Current | O147: Unknown | P147: JA00 | Q147: =_xlfn.XLOOKUP(EHR[[#This Row],[Primary_ICD11_Code]],'03_ICD11_Reference'!A:A,'03_ICD11_Reference'!D:D,,0) -> Infectious | R147: Community-acquired pneumonia | S147: No | T147: Omeprazole 20mg OD | U147: 1 | V147: =_xlfn.XLOOKUP(EHR[[#This Row],[Encounter_ID]],'02_Lab_Results'!B:B,'02_Lab_Results'!D:D,,0) -> 17861-6 | W147: =_xlfn.XLOOKUP(EHR[[#This Row],[LOINC Code]],'04_LOINC_Reference'!A:A,'04_LOINC_Reference'!F:F,,0) -> Biochemistry | X147: =_xlfn.XLOOKUP(EHR[[#This Row],[LOINC Code]],'02_Lab_Results'!D:D,'02_Lab_Results'!E:E,,0) -> Serum calcium | Y147: =_xlfn.XLOOKUP(EHR[[#This Row],[LOINC Code]],'02_Lab_Results'!D:D,'02_Lab_Results'!J:J,,0) -> High | Z147: {=_xlfn.XLOOKUP(1,(B147=B$2:B$500)*(V$2:V$500="4548-4"),Y$2:Y$500,"Not Tested")} -> Not Tested | AA147: 117 | AB147: 94 | AC147: =IF(AND(EHR[[#This Row],[BP_Systolic_mmHg]]<140,EHR[[#This Row],[BP_Diastolic_mmHg]]<90),"Controlled",IF(OR(EHR[[#This Row],[BP_Systolic_mmHg]]="Not Recorded",EHR[[#This Row],[BP_Diastolic_mmHg]]="Not Recorded"),"No Reading","Uncontrolled")) -> Uncontrolled | AD147: =_xlfn.CONCAT(EHR[[#This Row],[BP_Systolic_mmHg]],"/",EHR[[#This Row],[BP_Diastolic_mmHg]]) -> 117/94 | AE147: 69 | AF147: 22 | AG147: 38.3 | AH147: 25.6 | AI147: =IF(EHR[[#This Row],[BMI_kg_m2]]>=30,"Obese","Non-Obese") -> Non-Obese | AJ147: 99 | AK147: 8480-6 | AL147: 8462-4 | AM147: 8867-4 | AN147: 39156-5 | AO147: 59408-5
A148: PID-0045 | B148: ENC-0045-01 | C148: 45535 | D148: Outpatient | E148: Central District Hospital | F148: Kitale | G148: Dr. S. Okonkwo | H148: 25874 | I148: 55 | J148: {=_xlfn.IFS(EHR[[#This Row],[Age_at_Encounter]]<18,"Adolescent",AND(EHR[[#This Row],[Age_at_Encounter]]>=18,EHR[[#This Row],[Age_at_Encounter]]<=34),"Young Adults",AND(EHR[[#This Row],[Age_at_Encounter]]>=35,EHR[[#This Row],[Age_at_Encounter]]<=49),"Middle Age",AND(EHR[[#This Row],[Age_at_Encounter]]>=50,EHR[[#This Row],[Age_at_Encounter]]<=64),"Late middle Age",EHR[[#This Row],[Age_at_Encounter]]>=65,"Senior Adults")} -> Late middle Age | K148: Female | L148: Black African | M148: Employer | N148: Never | O148: Occasional | P148: 3A00 | Q148: =_xlfn.XLOOKUP(EHR[[#This Row],[Primary_ICD11_Code]],'03_ICD11_Reference'!A:A,'03_ICD11_Reference'!D:D,,0) -> Haematological | R148: Iron deficiency anaemia | S148: No | T148: Insulin glargine 20u ON; Prednisolone 5mg OD; Furosemide 40mg OD; Dapagliflozin 10mg OD | U148: 4 | V148: =_xlfn.XLOOKUP(EHR[[#This Row],[Encounter_ID]],'02_Lab_Results'!B:B,'02_Lab_Results'!D:D,,0) -> 2777-1 | W148: =_xlfn.XLOOKUP(EHR[[#This Row],[LOINC Code]],'04_LOINC_Reference'!A:A,'04_LOINC_Reference'!F:F,,0) -> Biochemistry | X148: =_xlfn.XLOOKUP(EHR[[#This Row],[LOINC Code]],'02_Lab_Results'!D:D,'02_Lab_Results'!E:E,,0) -> Serum phosphate | Y148: =_xlfn.XLOOKUP(EHR[[#This Row],[LOINC Code]],'02_Lab_Results'!D:D,'02_Lab_Results'!J:J,,0) -> Normal | Z148: {=_xlfn.XLOOKUP(1,(B148=B$2:B$500)*(V$2:V$500="4548-4"),Y$2:Y$500,"Not Tested")} -> Not Tested | AA148: 101 | AB148: 108 | AC148: =IF(AND(EHR[[#This Row],[BP_Systolic_mmHg]]<140,EHR[[#This Row],[BP_Diastolic_mmHg]]<90),"Controlled",IF(OR(EHR[[#This Row],[BP_Systolic_mmHg]]="Not Recorded",EHR[[#This Row],[BP_Diastolic_mmHg]]="Not Recorded"),"No Reading","Uncontrolled")) -> Uncontrolled | AD148: =_xlfn.CONCAT(EHR[[#This Row],[BP_Systolic_mmHg]],"/",EHR[[#This Row],[BP_Diastolic_mmHg]]) -> 101/108 | AE148: 51 | AF148: 18 | AG148: 37 | AH148: 28.5 | AI148: =IF(EHR[[#This Row],[BMI_kg_m2]]>=30,"Obese","Non-Obese") -> Non-Obese | AJ148: 98 | AK148: 8480-6 | AL148: 8462-4 | AM148: 8867-4 | AN148: 39156-5 | AO148: 59408-5
A149: PID-0045 | B149: ENC-0045-02 | C149: 45195 | D149: Inpatient | E149: Central District Hospital | F149: Eldoret | G149: Dr. S. Okonkwo | H149: 25874 | I149: 55 | J149: {=_xlfn.IFS(EHR[[#This Row],[Age_at_Encounter]]<18,"Adolescent",AND(EHR[[#This Row],[Age_at_Encounter]]>=18,EHR[[#This Row],[Age_at_Encounter]]<=34),"Young Adults",AND(EHR[[#This Row],[Age_at_Encounter]]>=35,EHR[[#This Row],[Age_at_Encounter]]<=49),"Middle Age",AND(EHR[[#This Row],[Age_at_Encounter]]>=50,EHR[[#This Row],[Age_at_Encounter]]<=64),"Late middle Age",EHR[[#This Row],[Age_at_Encounter]]>=65,"Senior Adults")} -> Late middle Age | K149: Female | L149: Mixed/Other | M149: Employer | N149: Never | O149: Occasional | P149: 3A00 | Q149: =_xlfn.XLOOKUP(EHR[[#This Row],[Primary_ICD11_Code]],'03_ICD11_Reference'!A:A,'03_ICD11_Reference'!D:D,,0) -> Haematological | R149: Iron deficiency anaemia | S149: No | T149: Amlodipine 10mg OD; Metformin 1g BD; Prednisolone 5mg OD; Salbutamol 100mcg PRN | U149: 4 | V149: =_xlfn.XLOOKUP(EHR[[#This Row],[Encounter_ID]],'02_Lab_Results'!B:B,'02_Lab_Results'!D:D,,0) -> 14627-4 | W149: =_xlfn.XLOOKUP(EHR[[#This Row],[LOINC Code]],'04_LOINC_Reference'!A:A,'04_LOINC_Reference'!F:F,,0) -> Biochemistry | X149: =_xlfn.XLOOKUP(EHR[[#This Row],[LOINC Code]],'02_Lab_Results'!D:D,'02_Lab_Results'!E:E,,0) -> eGFR (CKD-EPI) | Y149: =_xlfn.XLOOKUP(EHR[[#This Row],[LOINC Code]],'02_Lab_Results'!D:D,'02_Lab_Results'!J:J,,0) -> High | Z149: {=_xlfn.XLOOKUP(1,(B149=B$2:B$500)*(V$2:V$500="4548-4"),Y$2:Y$500,"Not Tested")} -> Not Tested | AA149: 114 | AB149: 110 | AC149: =IF(AND(EHR[[#This Row],[BP_Systolic_mmHg]]<140,EHR[[#This Row],[BP_Diastolic_mmHg]]<90),"Controlled",IF(OR(EHR[[#This Row],[BP_Systolic_mmHg]]="Not Recorded",EHR[[#This Row],[BP_Diastolic_mmHg]]="Not Recorded"),"No Reading","Uncontrolled")) -> Uncontrolled | AD149: =_xlfn.CONCAT(EHR[[#This Row],[BP_Systolic_mmHg]],"/",EHR[[#This Row],[BP_Diastolic_mmHg]]) -> 114/110 | AE149: 121 | AF149: 18 | AG149: 36.9 | AH149: 37.8 | AI149: =IF(EHR[[#This Row],[BMI_kg_m2]]>=30,"Obese","Non-Obese") -> Obese | AJ149: 97 | AK149: 8480-6 | AL149: 8462-4 | AM149: 8867-4 | AN149: 39156-5 | AO149: 59408-5
